path	module	decision	reason	baseline_sha256
.gitattributes	.gitattributes	保留	当前构建、依赖锁定、仓库配置或入口；未确认废弃	a5731334d70725f0ab69fceaa98fd73554c580bd91f4e519e037f94ebb32bfae
.githooks/pre-commit	.githooks	保留	当前测试、构建、安装、发布或独立 HIL 工具链	7a3483a63fb24a6101f9b620da92ad4635d46ce1e2a1d4c9d99e16357cd2b138
.github/dependabot.yml	.github	保留	当前测试、构建、安装、发布或独立 HIL 工具链	19d27fdd02cc2f117938378af75ee410bb2ae225880c2bdee7981ffefe1f59bd
.github/release-platforms.json	.github	保留	当前测试、构建、安装、发布或独立 HIL 工具链	2d9278dc01d72f5c68b58931acf9bfceb7074bf694748bc1150aa30e21bc80d3
.github/workflows/ci.yml	.github	保留	当前测试、构建、安装、发布或独立 HIL 工具链	7265caaa858052594a45c7e9aff3abff3051eaf27f574bb9e1613aa75c2bf6a2
.github/workflows/compatibility.yml	.github	保留	当前测试、构建、安装、发布或独立 HIL 工具链	80d93f0bf540b4a7f9aaf3f2af884254bed45b880c4faae949aee6e7cc7894eb
.github/workflows/release.yml	.github	保留	当前测试、构建、安装、发布或独立 HIL 工具链	a88b80ef1ae409b61a77392b4fa9bd53982baaa876d65155c3fc68c7a117c7bd
.github/workflows/test-runner-benchmark.yml	.github	保留	当前测试、构建、安装、发布或独立 HIL 工具链	ca24c448ff378c8f5afe09251e1d8e5f8a53e516e238a7c362413a8303993b1f
.github/workflows/virtual-disk-hil.yml	.github	保留	当前测试、构建、安装、发布或独立 HIL 工具链	e445a7782f2c7611c86dbdf996d9af081a4b66a99c107c6edf3bde36d007ec46
.gitignore	.gitignore	保留	当前构建、依赖锁定、仓库配置或入口；未确认废弃	849b4890ab730548b3592cb37b3c7a09fd5b8653e0cf7b093ad62ec3b7db5f22
AGENTS.md	AGENTS.md	更新	固化新增冗余类型必须登记规则、行为回归并全仓复扫的流程	7357bb09054c6515b966b2c78be0f999f580a4f4fafa2972c078e0e47f40d528
Cargo.lock	Cargo.lock	更新	为审计 AST 宏处理登记已锁定的 proc-macro2 开发依赖，无版本升级	2d57dda568e6a6c624bf53945b44f61fd52144333e580e875328b21fedf079e1
Cargo.toml	Cargo.toml	更新	注册只读 AST 审计 example 及现有 proc-macro2 开发依赖	7b9908b06d3bf203b336c22fda0bf262c0e29f27c5b7b18c025e65a931257e10
Makefile	Makefile	更新	增加 make audit 一键全仓审计入口	c2de6947d3e0b48c16aeb160f40457065195264985b2294b969dacc849a24b26
README.md	README.md	更新	修正已移除的数据迁移、gl 跳转或三面板描述	d5b86513d8af41585215ae2677d5ea2278378d288c9fc041573956be3f4ee726
audit/ai-progress/.gitignore	audit	保留	AGENTS.md 要求的实时进度日志持久规范	30fcf90f4f35e61a87bc6ee9700df0dbc221ba92a2e0ae29d5b9decaae390ed5
audit/ai-progress/2026-10-01/FAT_CAPABILITY_AND_PROVISION_FORMAT_PLAN_2026-10-01.md	audit	移除	Inspect 与 FAT 旧实施计划已被当前代码、测试及规范取代	7054f63045ca1f1a97906eef26e3f35583a33bf07dc35ad2a5e2b554351e4579
audit/ai-progress/2026-10-01/INSPECT_FAT_GOVERNANCE_EXECUTION_PLAN_2026-10-01.md	audit	移除	Inspect 与 FAT 旧实施计划已被当前代码、测试及规范取代	fc632a5558ee82c0bcba14e37ac61c09fed563f0cf8ddd64abe5a8fd34a1897c
audit/ai-progress/2026-10-01/INSPECT_GOVERNANCE_2026-10-01.md	audit	移除	Inspect 与 FAT 旧实施计划已被当前代码、测试及规范取代	968f2dcc241f49cb66869ed1b6c2a0d6997b0e032ff97297074e4b61ce497c21
audit/ai-progress/README.md	audit	保留	AGENTS.md 要求的实时进度日志持久规范	b4a266e665cb17b2049b23bdf8f92d3ec81fbc4c581eccb9c1af9ffd6a56294c
audit/hil/physical_result.schema.json	audit	保留	实体盘验收场景和结果 schema，由当前 HIL 契约检查	76aa13aecba78db4af6f5c7e349bf238449a8979eddfaee69e11155ecd9c7df0
audit/hil/physical_scenarios.tsv	audit	保留	实体盘验收场景和结果 schema，由当前 HIL 契约检查	51d1e1660dc11393f2516adf52de84ca3d189ae92faf7be7a8b980ad106a339f
audit/project/20261005-architecture-optimization-progress.md	audit	移除	已完成架构、TUI、兼容清理的重复报告；当前实现与普通回归已替代	78ee3f6c401130ec77bd97cd294599feb27e40334b17ac51e08faf82ef943b30
audit/project/20261005-capacity-map-visibility-fix.md	audit	移除	已完成架构、TUI、兼容清理的重复报告；当前实现与普通回归已替代	486e5b32d5efb803d6540d896ac6baa0bea08dc521af5a047f303933f784ef06
audit/project/20261005-desktop-tui-engineering-audit.md	audit	移除	已完成架构、TUI、兼容清理的重复报告；当前实现与普通回归已替代	962a955e2f117de262542b09bd9e5ca595bc958fb7c984b9d41ee071efa30eb9
audit/project/20261005-desktop-tui-engineering-completion.md	audit	移除	已完成架构、TUI、兼容清理的重复报告；当前实现与普通回归已替代	810feb263b68c0f72937a9b789df17920d06a0e9480bd2711edc81cb765363b8
audit/project/20261005-engineering-tui-completion.md	audit	移除	已完成架构、TUI、兼容清理的重复报告；当前实现与普通回归已替代	6e20eaf04417302997aa8d1b62e010b0339b0059bce45e8d0b4df68e492a117f
audit/project/20261005-independent-quality-review.md	audit	移除	已完成架构、TUI、兼容清理的重复报告；当前实现与普通回归已替代	4a2844804259314789a4cfafbc59d600d92e2e5ed7a09131b13d8b1998228c90
audit/project/20261005-public-api-compatibility.md	audit	移除	已完成架构、TUI、兼容清理的重复报告；当前实现与普通回归已替代	12f36ed233f781a02718c0b3ef8b20b79478844906dd28d34ff873038ae2cad1
audit/project/20261006-architecture-s0-implementation.md	audit	移除	已完成架构、TUI、兼容清理的重复报告；当前实现与普通回归已替代	be41aadaca54b7d8ee88efdc476c6b3464fcebe7275c583c5929e763fbfed537
audit/project/20261006-architecture-s1-s4-implementation.md	audit	移除	已完成架构、TUI、兼容清理的重复报告；当前实现与普通回归已替代	ef76c71d29fa2dfaee5502188d07d9cbfc95516087e732b10d300654266dc9b8
audit/project/20261006-code-documentation-governance.md	audit	移除	已完成架构、TUI、兼容清理的重复报告；当前实现与普通回归已替代	e36054f7387cf5db8c5b83e95ff57ce70e5db49bca6d0e89b34e43bbaa213a54
audit/project/20261006-comprehensive-fixes.md	audit	移除	已完成架构、TUI、兼容清理的重复报告；当前实现与普通回归已替代	ab6fe30b71350cf85228bdf384fae7c5d14737fd2faa37de00f91932fd175230
audit/project/20261006-comprehensive-technical-debt-audit.md	audit	移除	已完成架构、TUI、兼容清理的重复报告；当前实现与普通回归已替代	506598a2fdad43ae5c21f123569a91f56a534a85bf411e3a856d6fe77ec37bd4
audit/project/20261006-development-compatibility-cleanup.md	audit	移除	已完成架构、TUI、兼容清理的重复报告；当前实现与普通回归已替代	f93149fde89132806138601b71b59c67e77236c1f49e892a8d25bd45a36b18b7
audit/project/20261006-edpb-v3-only-migration.md	audit	保留	真实备份转换回执，保留原件归档位置和验证结果；并非待实施设计	05915f23f78158d4242c7ccd0c4f993c55362a7c7458284271194e2d5e73bf38
audit/project/20261006-overall-architecture-audit.md	audit	移除	已完成架构、TUI、兼容清理的重复报告；当前实现与普通回归已替代	ac779b6afdc436b63482ac1e4a8d5d2f6438764867e52dd4a2f45f5abe6c0ba5
audit/project/20261006-remaining-technical-debt-audit.md	audit	移除	已完成架构、TUI、兼容清理的重复报告；当前实现与普通回归已替代	ad90df9da52ac5d9cfc2a129e38b9934e6bfa7dc9eb73ac27199f44bb5a09fa1
audit/project/README.md	audit	更新	更新索引为当前规范、清理结论和有效证据	40942b993e536113805535d65c2d707f0de982186b71f2b72d83c63231af2807
audit/project/evidence/20261006-container-contract-probe.rs	audit	移除	已修复缺陷的一次性复现、旧接口输出或过期文件快照；当前回归由注册测试覆盖	af7b1312a013e0312c8ca8f7605f57e9e42e0493f37fd3b8be2dc3e4bc3b8ec9
audit/project/evidence/20261006-container-contract-probe.txt	audit	移除	已修复缺陷的一次性复现、旧接口输出或过期文件快照；当前回归由注册测试覆盖	4c54dfb6cabe7b8e54dc1c435025643175d83cc3bae7984193e61ab0a92838e1
audit/project/evidence/20261006-gpt-pin-probe.rs	audit	移除	已修复缺陷的一次性复现、旧接口输出或过期文件快照；当前回归由注册测试覆盖	a67d38cf6675f224069fd2c865124177a54a54456dde9c0ad72d2100ba7bc368
audit/project/evidence/20261006-gpt-pin-probe.txt	audit	移除	已修复缺陷的一次性复现、旧接口输出或过期文件快照；当前回归由注册测试覆盖	4c391292303bddc6a2ca563212e267621bdbbfd7440483f504fc757b5b2e680a
audit/project/evidence/20261006-scope-inventory.tsv	audit	移除	已修复缺陷的一次性复现、旧接口输出或过期文件快照；当前回归由注册测试覆盖	f9db4021505730a1523210643400b5b1c837308965fdae2be50fdd0aaf2adb0a
audit/project/history/PROVISION_BACKUP_GOVERNANCE_2026-10-01.md	audit	移除	标记已完成的旧治理计划与归档索引；当前契约由 docs 维护	358d22ebc4515540032a1aaea5f9de7057b12bbfe0aa8bac86e52c9251792935
audit/project/history/PROVISION_CONFIRMATION_REDESIGN_2026-10-01.md	audit	移除	标记已完成的旧治理计划与归档索引；当前契约由 docs 维护	af86f71723a4474e2dc90d77800357c8d016ac1a42bbfdf3ba315f9d1ac174ca
audit/project/history/README.md	audit	移除	标记已完成的旧治理计划与归档索引；当前契约由 docs 维护	d0f1218014e4a29f471fef1c78becaa4ea670e1db36348f62d357c92a220d4ed
audit/project/history/TUI_INTERACTION_GOVERNANCE_2026-09-30.md	audit	移除	标记已完成的旧治理计划与归档索引；当前契约由 docs 维护	ca2214df8d128043fb79e4c7523b777393216840e71aa807d8ba8e37f057fe96
audit/protocol/README.md	协议证据	更新	复现命令使用实际注册的 protocol_suite	e00f89bec2f2e0b2c1d10e98ca61b420ad896aa15d7813cfeac4e3d6606dda96
audit/protocol/byte_ledger.tsv	协议证据	保留	仍用于协议字节账本、字段目录、金标或真实/虚拟/静态证据复核	b8f2a1bc84166a3f065cff5412e5439f7d11a40847f6a484ce65c968188034b6
audit/protocol/evidence_manifest.tsv	协议证据	保留	仍用于协议字节账本、字段目录、金标或真实/虚拟/静态证据复核	1d4273116d2f5445073e8333baad760fa0d6260f47643b5e0b5c20b6f836dfd1
audit/protocol/field_catalog.tsv	协议证据	保留	仍用于协议字节账本、字段目录、金标或真实/虚拟/静态证据复核	ae5f29bea830c86e32f17ff204c66157587d93c68bc09df96d3887546c1698af
audit/protocol/field_guide_zh.tsv	协议证据	保留	仍用于协议字节账本、字段目录、金标或真实/虚拟/静态证据复核	70936de2a9f5f5bd712f3db416a31f804fd512e2694a9c596c6dc400ff74db2c
audit/protocol/gold/authentic-mode1/sandisk_ultra_20260823_lba0_12.bin	协议证据	保留	仍用于协议字节账本、字段目录、金标或真实/虚拟/静态证据复核	d6a935525b9e7bba9926a5ee1e2a74996d2aaf93bc6291723eaaedcff679a258
audit/protocol/gold/strict-encrypted/disk26_491520000_vid3535_pid2000_disk&ven_aigo&prod_l8302_onlyid1911491440_20260903_120554.bin	协议证据	保留	仍用于协议字节账本、字段目录、金标或真实/虚拟/静态证据复核	964f0f765e0ca027c4f5b43bfbf66f9263365eab2bd7b178383f4008ea1c210b
audit/protocol/gold/strict-encrypted/disk4_120832000_vid21c4_pid0cd1_disk&ven_lexar&prod_usb_flash_drive_onlyid680322626_20260828_221831.bin	协议证据	保留	仍用于协议字节账本、字段目录、金标或真实/虚拟/静态证据复核	348dcecb6d90e6d9d2add62624ea04bcb13aac93f4a8c1f54bba8fcbedaace2f
audit/protocol/gold/strict-encrypted/disk4_121077760_vid0951_pid1666_disk&ven_kingston&prod_datatraveler_3.0_onlyid1625940067_20260827_173024.bin	协议证据	保留	仍用于协议字节账本、字段目录、金标或真实/虚拟/静态证据复核	6ab384449bf5e5a791c373005f5d085ebde73ad2b2c94297e1b7de48d6578180
audit/protocol/gold/strict-encrypted/disk4_121110528_vid0951_pid1666_disk&ven_kingston&prod_datatraveler_3.0_onlyid2135149925_20260903_121319.bin	协议证据	保留	仍用于协议字节账本、字段目录、金标或真实/虚拟/静态证据复核	04874b9c0e7a4e4c982fcf8a77f9d686cbd24578f17c85058432da314dfa585a
audit/protocol/gold/strict-encrypted/disk4_1953525168_vid174c_pid55aa_disk&ven_aigo&prod_hd806_onlyid-1615488206_20260903_121800.bin	协议证据	保留	仍用于协议字节账本、字段目录、金标或真实/虚拟/静态证据复核	b28c9d721b758434607084a6c7dd56ae66d1d99b12f96ed6aa7b3f838d81fb14
audit/protocol/gold/strict-encrypted/disk4_1953525168_vid174c_pid55aa_disk&ven_aigo&prod_hd806_onlyid-1833210541_20260903_121552.bin	协议证据	保留	仍用于协议字节账本、字段目录、金标或真实/虚拟/静态证据复核	e7e5abc23b81978f8a7f4cb46ea3a43f731af3e0ae99e9cd2deb3c681772d639
audit/protocol/gold/strict-encrypted/disk4_243625984_vid21c4_pid0cd1_disk&ven_lexar&prod_usb_flash_drive_onlyid3164177653_20260827_221910.bin	协议证据	保留	仍用于协议字节账本、字段目录、金标或真实/虚拟/静态证据复核	a1faab7535e06bcd54ab08b3b1afeedb14507a20cd81574c34bbca947c40ee5f
audit/protocol/gold/strict-encrypted/disk4_245760000_vid3535_pid6300_disk&ven_aigo&prod_u335&rev_pmap_onlyid1987718388_20260827_191701.bin	协议证据	保留	仍用于协议字节账本、字段目录、金标或真实/虚拟/静态证据复核	150d705efb303a247e61f50df564fde321d37f988fff3e2fd9e82be7134a4dbc
audit/protocol/gold/strict-encrypted/disk4_245760000_vid3535_pid6300_disk&ven_aigo&prod_u335_onlyid2071754312_20260828_120922.bin	协议证据	保留	仍用于协议字节账本、字段目录、金标或真实/虚拟/静态证据复核	784ae05ac7009d47ce7a26f02b09002f10224bcf381209e436acbdb7c7142b29
audit/protocol/gold/strict-encrypted/disk4_61440000_vid3535_pid6300_disk&ven_aigo&prod_u320_onlyid1468967482_20260827_172228.bin	协议证据	保留	仍用于协议字节账本、字段目录、金标或真实/虚拟/静态证据复核	d748f11c2a60333ee3bddebe3116505fc8733d40cb7fef795b2ad56d2b673647
audit/protocol/gold/strict-encrypted/disk6_120832000_vid21c4_pid0cd1_disk&ven_lexar&prod_usb_flash_drive_onlyid1808795831_20260910_172855.bin	协议证据	保留	仍用于协议字节账本、字段目录、金标或真实/虚拟/静态证据复核	8743b292e0b540204bc59908cac92633bfc72e08247abf43393664d00702ae34
audit/protocol/gold/strict-encrypted/disk6_122880000_vid0dd8_pid2005_disk&ven_netac&prod_onlydisk_onlyid1377782316_20260910_172614.bin	协议证据	保留	仍用于协议字节账本、字段目录、金标或真实/虚拟/静态证据复核	95ee6f0ff7cbdc90e799dbe228d6dba4bd3e9b3c5365373082dcfddd1eb65a18
audit/protocol/gold/strict-encrypted/disk6_122880000_vid0dd8_pid2005_disk&ven_netac&prod_onlydisk_onlyid1402259934_20260910_172300.bin	协议证据	保留	仍用于协议字节账本、字段目录、金标或真实/虚拟/静态证据复核	f622356f4b540f98a9113cb0560d5823a532890e097a3c7b69b1d59dbcde8825
audit/protocol/gold/strict-encrypted/disk6_122880000_vid0dd8_pid2005_disk&ven_netac&prod_onlydisk_onlyid3069787975_20260910_172525.bin	协议证据	保留	仍用于协议字节账本、字段目录、金标或真实/虚拟/静态证据复核	53b9e56a859e90cf6e6b2a3d6218fd92b2016de461f7b4d35c98783259951ade
audit/protocol/gold/strict-encrypted/disk6_122880000_vid0dd8_pid2005_disk&ven_netac&prod_onlydisk_onlyid3274129259_20260910_172709.bin	协议证据	保留	仍用于协议字节账本、字段目录、金标或真实/虚拟/静态证据复核	f9a66d9265374bdfacd1d6992e81c1ab92641cb5d2d684c67b26cc4c5609e90d
audit/protocol/gold/strict-encrypted/disk6_122880000_vid0dd8_pid2005_disk&ven_netac&prod_onlydisk_onlyid524186534_20260910_171924.bin	协议证据	保留	仍用于协议字节账本、字段目录、金标或真实/虚拟/静态证据复核	3bbd95b9b8d0297f2779cb70d7720b1c7f5aed48d037deccf0b94764291dff05
audit/protocol/gold/strict-encrypted/disk6_122880000_vid0dd8_pid2005_disk&ven_netac&prod_onlydisk_onlyid891919248_20260910_171808.bin	协议证据	保留	仍用于协议字节账本、字段目录、金标或真实/虚拟/静态证据复核	a69e65782fb103a7b572bd8c40be6b9e8b346676b2bbb7f14c7e1c23617daa2e
audit/protocol/gold/strict-encrypted/disk6_122880000_vid0dd8_pid2005_disk&ven_netac&prod_onlydisk_onlyid949028302_20260910_172349.bin	协议证据	保留	仍用于协议字节账本、字段目录、金标或真实/虚拟/静态证据复核	54648843288dbf5f5a0f624d0b71d13ab78d2a57dcf08b503128140f13901bd3
audit/protocol/gold/strict-encrypted/disk6_122880000_vid0dd8_pid2005_disk&ven_netac&prod_onlydisk_onlyid949028302_20260910_172433.bin	协议证据	保留	仍用于协议字节账本、字段目录、金标或真实/虚拟/静态证据复核	79025383b2a0ba57c62cc44cd6463abcbd01cb3f2801e46f1f273945e4b3d415
audit/protocol/gold_samples.tsv	协议证据	保留	仍用于协议字节账本、字段目录、金标或真实/虚拟/静态证据复核	982b23ea377bf9562f62bb8370993dd64ef35c8a4c37066db5b5fe78a208fa89
audit/protocol/historical_matrix.tsv	协议证据	保留	仍用于协议字节账本、字段目录、金标或真实/虚拟/静态证据复核	dd828e2fcf358ad6b697feb8392e645dc4a237387a8f7a323d8679633f3a785d
audit/protocol/lba7_compatibility/README.md	协议证据	保留	仍用于协议字节账本、字段目录、金标或真实/虚拟/静态证据复核	2d7f23e23fa4d4e2db4682b20eda577f29e5ba91bc5c9c1bbf48e4dc607d9fd1
audit/protocol/lba7_compatibility/byte_ledger.tsv	协议证据	保留	仍用于协议字节账本、字段目录、金标或真实/虚拟/静态证据复核	5812be32a8fb56eee46b253e0a2cd4ea9dbe7550296cdab773a0fbc2f3b8891f
audit/protocol/lba7_compatibility/evidence/edpsecdisk_cipher_profile_20260923.json	协议证据	保留	仍用于协议字节账本、字段目录、金标或真实/虚拟/静态证据复核	08a37cbf14301621e050687cc954785bec7d969cafc179b3201358f13cba4275
audit/protocol/lba7_compatibility/evidence/lba7_compat_conditional_write_20260923.json	协议证据	保留	仍用于协议字节账本、字段目录、金标或真实/虚拟/静态证据复核	f365dd5a86dfb45e176fdc1e0ea94f7c81714960f844f142a5ad9c788ab0f8c0
audit/protocol/lba7_compatibility/evidence/lba7_compat_fallback_mount_20260923.json	协议证据	保留	仍用于协议字节账本、字段目录、金标或真实/虚拟/静态证据复核	2df44484290708dca62407af353acab09c89646678a372b40d007256768aee33
audit/protocol/lba7_compatibility/evidence/lba7_compat_fat16_zero8_closure_20260923.json	协议证据	保留	仍用于协议字节账本、字段目录、金标或真实/虚拟/静态证据复核	a8beebabd727b11260dfff328d25f6a8dcd18a6b11f31c56c5e9d555325ce145
audit/protocol/lba7_compatibility/evidence/lba7_compat_locator_algorithm_20260922.json	协议证据	保留	仍用于协议字节账本、字段目录、金标或真实/虚拟/静态证据复核	8241754138c70621bed718a0fef81a061e060dc6ffc047f7095fd1d98025d679
audit/protocol/lba7_compatibility/evidence/legacy_old_driver_transform_equivalence_20260923.json	协议证据	保留	仍用于协议字节账本、字段目录、金标或真实/虚拟/静态证据复核	773d78feb0bee1660e49a90035cebcd808aff1419812bb264fed986e0a5edea3
audit/protocol/lba7_compatibility/evidence/official_lba7_producer_20260923.json	协议证据	保留	仍用于协议字节账本、字段目录、金标或真实/虚拟/静态证据复核	f24393c1113bb2d6b67b5e39af7b49f881bd8762685970a35a564ad3c1ae2d49
audit/protocol/lba7_compatibility/evidence/sandisk_mode1_lba7_compat_live_20260923.json	协议证据	保留	仍用于协议字节账本、字段目录、金标或真实/虚拟/静态证据复核	16e1c5938da1c8826a6ddd9bf0b2cc8614bd142f5fb279dd0252e71948155373
audit/protocol/lba7_compatibility/evidence/source_naming_dwarf_20260923.json	协议证据	保留	仍用于协议字节账本、字段目录、金标或真实/虚拟/静态证据复核	8d1819941580274d2c33f2f9f834daafd9b0d44288b5bf3eaee62227abffaff2
audit/protocol/lba7_compatibility/evidence_manifest.tsv	协议证据	保留	仍用于协议字节账本、字段目录、金标或真实/虚拟/静态证据复核	d278a75548fd24f3b64f5f1335bb4147ee4ea5f29c9e899bdce84fb1813bcf02
audit/protocol/lba7_compatibility/gold/lba7_compat_plain_zero8.bin	协议证据	保留	仍用于协议字节账本、字段目录、金标或真实/虚拟/静态证据复核	386595e473d3051e07fac43a02e0a8f8134b77858bb12e93246e4ebfbf51ee1c
audit/protocol/lba7_compatibility/gold/lexar_lba7_compat_lba243623933.bin	协议证据	保留	仍用于协议字节账本、字段目录、金标或真实/虚拟/静态证据复核	fbf45d4713664d1e68eca634e8e9c04565be8b60d9ad4e1a18b7df3c766aaa24
audit/protocol/lba7_compatibility/live_captures/sandisk_mode1_20260923/lba7_compat_extent.bin	协议证据	保留	仍用于协议字节账本、字段目录、金标或真实/虚拟/静态证据复核	aaeffbba440e553c2eb47accac54552c9b53af9d4951f728ac700a2e81aca0a0
audit/protocol/lba7_compatibility/live_captures/sandisk_mode1_20260923/lba7_compat_neighborhood.bin	协议证据	保留	仍用于协议字节账本、字段目录、金标或真实/虚拟/静态证据复核	cf4552b62cd73bb3e6129c65c2b53f8d5aae296cb1e5f06a7a82ecea4e7026d2
audit/protocol/lba7_compatibility/live_captures/sandisk_mode1_20260923/lba7_raw.bin	协议证据	保留	仍用于协议字节账本、字段目录、金标或真实/虚拟/静态证据复核	929b31556cca1d1fe2574d175a1b1975ca80bbc33d14954f4f1d978f1b53c488
audit/protocol/lba7_compatibility/live_captures/sandisk_mode1_20260923/manifest.json	协议证据	保留	仍用于协议字节账本、字段目录、金标或真实/虚拟/静态证据复核	27cb3ae055df162ef0352c405ede7de1e4e3b655bdcca0454d61e444cf5c3c89
audit/protocol/lba7_compatibility/live_captures/sandisk_mode1_20260923/physical_minus_e0000.bin	协议证据	保留	仍用于协议字节账本、字段目录、金标或真实/虚拟/静态证据复核	e80232b4d18d0bb7e794be263ba937626f383f9917d4b8a737ba893a8f752293
audit/protocol/lba7_compatibility/profile_coverage.tsv	协议证据	保留	仍用于协议字节账本、字段目录、金标或真实/虚拟/静态证据复核	18fc376ff725226885a85674651b29b196371c5211622e174e2d10002a9114c8
audit/protocol/notes/devicenumber_identity.md	协议证据	保留	仍用于协议字节账本、字段目录、金标或真实/虚拟/静态证据复核	096af8b7859d31b5e9132816c5a983a93a83d96203ee6dd4f1f6fc9eb776c103
audit/protocol/notes/inspect_hil_2026-09-23.md	协议证据	保留	仍用于协议字节账本、字段目录、金标或真实/虚拟/静态证据复核	1cbea07915ea465329b4b58e797c60fe54ab170c632b3e5cfecebd9dcde07e98
audit/protocol/notes/labeltool_variant_diff.md	协议证据	保留	仍用于协议字节账本、字段目录、金标或真实/虚拟/静态证据复核	fddf729380c3c37340986608cdc322ea6d3e10df826b237f8d0dcf90450e8d97
audit/protocol/notes/lba3_manufacturer_boundary.md	协议证据	保留	仍用于协议字节账本、字段目录、金标或真实/虚拟/静态证据复核	dc83b2a60fba1f8064682db36ff1d879e07f4dc60318ac4a9d8d0cf1812ae765
audit/protocol/notes/provision_lce_fat_hil_2026-10-01.md	协议证据	保留	仍用于协议字节账本、字段目录、金标或真实/虚拟/静态证据复核	1c3ffb6ff11f597bfa0d8a046372360771e4ce928bb63f1c3118b1251a5594c1
audit/protocol/physical-evidence/eesi/README.md	协议证据	保留	仍用于协议字节账本、字段目录、金标或真实/虚拟/静态证据复核	7da9aeca245994c4bc5a59d6013ad9c430488c13b101d24c0b928bb58814bc8e
audit/protocol/physical-evidence/eesi/netac_onlydisk_20260804_lba0_12.bin	协议证据	保留	仍用于协议字节账本、字段目录、金标或真实/虚拟/静态证据复核	3c7e795b1b7110e9866dd31f44ba6e7c5e02ff77a1f70a8b11fcdcaf181fbf39
audit/protocol/physical-evidence/eesi/netac_onlydisk_20260804_lba0_12.meta.json	协议证据	保留	仍用于协议字节账本、字段目录、金标或真实/虚拟/静态证据复核	1da04b27b01d74a037f9e5fcc5d126c3a59da127dca8f627625252743314a54a
audit/protocol/profile_axes.tsv	协议证据	保留	仍用于协议字节账本、字段目录、金标或真实/虚拟/静态证据复核	e427dba9e9c423f58b655eb7c4ac580489dcd3caa908e334a7c5c8efb6df0d17
audit/protocol/profile_coverage.tsv	协议证据	保留	仍用于协议字节账本、字段目录、金标或真实/虚拟/静态证据复核	f4e71b9791283980e9356fd84062472392317ae217710147b8cfbd4d5353b3f1
audit/ui/K6_TUI_PRODUCTIZATION_SPEC.md	audit	移除	已明确废止或被当前 TUI 与制盘规范取代的旧产品方案	67111d88025e104e6254b8ec29bda70dcfaaabd57038233d1f0d3285a2312883
audit/ui/UI_REDESIGN_SPEC.md	audit	移除	已明确废止或被当前 TUI 与制盘规范取代的旧产品方案	e1722fc132629d6f977396b9f70d7cbd0feadc82c6e4f6254656d50ddfc5bd09
backup/disk26_245760000_vid3535_pid6300_disk&ven_aigo&prod_u335&rev_pmap_onlyid1987718388_mode1_20260916_233626.edpb	backup	保留	当前 v3 容器；备份套件及协议复核所用真实样本	fa7c3f6167954f564afc1340c8ab618a81c385aeee6eb2510f09eefd7fd9438d
backup/disk26_491520000_vid3535_pid2000_disk&ven_aigo&prod_l8302_onlyid1911491440_20260903_120554.edpb	backup	保留	当前 v3 容器；备份套件及协议复核所用真实样本	76b094eb73d02bcbdd3db5f81d9df118e2c1b6b2332936d3255df57397a60151
backup/disk4_120832000_vid21c4_pid0cd1_disk&ven_lexar&prod_usb_flash_drive_onlyid680322626_20260828_221831.edpb	backup	保留	当前 v3 容器；备份套件及协议复核所用真实样本	a576a2b749bfa19d07cfb6cb2107e708d173ea7bdd46096e4511d22b5fda63d7
backup/disk4_120832000_vid21c4_pid0cd1_disk&ven_lexar&prod_usb_flash_drive_onlyid680322626_20260828_222125.edpb	backup	保留	当前 v3 容器；备份套件及协议复核所用真实样本	579103163d3af59b61d130a55a3d7d3a8708e811a19aa673bb12b9fca2c06e02
backup/disk4_121077760_vid0951_pid1666_disk&ven_kingston&prod_datatraveler_3.0_onlyid1625940067_20260827_173024.edpb	backup	保留	当前 v3 容器；备份套件及协议复核所用真实样本	b2670676949e301c409a9b9d17db92c13339ab57eb05a958b2a9ab5de72849ef
backup/disk4_121110528_vid0951_pid1666_disk&ven_kingston&prod_datatraveler_3.0_onlyid2135149925_20260903_121319.edpb	backup	保留	当前 v3 容器；备份套件及协议复核所用真实样本	77ba7460ad0354376c05bb8225b6a95d26ec87a6ab83043488f63a8bcbe5f919
backup/disk4_1953525168_vid174c_pid55aa_disk&ven_aigo&prod_hd806_onlyid-1615488206_20260903_121800.edpb	backup	保留	当前 v3 容器；备份套件及协议复核所用真实样本	c1b18bcba576be946d60a54b525cf0a1a90dcf6819e71d819d18fc828f3c331e
backup/disk4_1953525168_vid174c_pid55aa_disk&ven_aigo&prod_hd806_onlyid-1833210541_20260903_121552.edpb	backup	保留	当前 v3 容器；备份套件及协议复核所用真实样本	1569661d9aa18de390ea3d46f651b4e1c3c34ffefc3d5f4058277cde4c178be8
backup/disk4_243625984_vid21c4_pid0cd1_disk&ven_lexar&prod_usb_flash_drive_onlyid3164177653_20260827_221910.edpb	backup	保留	当前 v3 容器；备份套件及协议复核所用真实样本	19a35fa93cfe11165aef60545259777b49774976a2788c0a5854f4bddf72ac59
backup/disk4_245760000_vid3535_pid6300_disk&ven_aigo&prod_u335&rev_pmap_onlyid1987718388_20260827_191701.edpb	backup	保留	当前 v3 容器；备份套件及协议复核所用真实样本	63201d961f1b910fc3b8e832ad7765bfcceb452bf62375346ca7921ab38f5f97
backup/disk4_245760000_vid3535_pid6300_disk&ven_aigo&prod_u335_onlyid2071754312_20260828_120922.edpb	backup	保留	当前 v3 容器；备份套件及协议复核所用真实样本	b26d45ed469150db211744339f643203df51991cdb13eb6bd2832b6f2b5fde4e
backup/disk4_245760000_vid3535_pid6300_disk&ven_aigo&prod_u335_onlyid2071754312_mode1_20260828_120932.edpb	backup	保留	当前 v3 容器；备份套件及协议复核所用真实样本	4c0e4ed8b41927b81c1a4bed4bb9692f0845bb223b303530fb2187a2f8c016ea
backup/disk4_61440000_vid3535_pid6300_disk&ven_aigo&prod_u320_onlyid1468967482_20260827_172228.edpb	backup	保留	当前 v3 容器；备份套件及协议复核所用真实样本	9a593b74ad3004e12f14230fdbc0585f823531b5d5d1b42bb2be6021414758d0
backup/disk6_120832000_vid21c4_pid0cd1_disk&ven_lexar&prod_usb_flash_drive_onlyid1808795831_20260910_172855.edpb	backup	保留	当前 v3 容器；备份套件及协议复核所用真实样本	32e84251d810e792e4c7a153d4f0cf9eb46410a52bc9d7168e8b5004aebf1d9f
backup/disk6_122880000_vid0dd8_pid2005_disk&ven_netac&prod_onlydisk_onlyid1377782316_20260910_172614.edpb	backup	保留	当前 v3 容器；备份套件及协议复核所用真实样本	62587f9c059637f35641e9edbe664f98beab575298cff5a3e88c70d187eb84fa
backup/disk6_122880000_vid0dd8_pid2005_disk&ven_netac&prod_onlydisk_onlyid1402259934_20260910_172300.edpb	backup	保留	当前 v3 容器；备份套件及协议复核所用真实样本	0f369745f0dda564410f5982c936e63c8ffeb5daee576874f48070c69befad2f
backup/disk6_122880000_vid0dd8_pid2005_disk&ven_netac&prod_onlydisk_onlyid3069787975_20260910_172525.edpb	backup	保留	当前 v3 容器；备份套件及协议复核所用真实样本	a06d6bebfb95d3cf7f7f21aca5a8aab49c235c058ea0bee18dbaec9381be04a9
backup/disk6_122880000_vid0dd8_pid2005_disk&ven_netac&prod_onlydisk_onlyid3274129259_20260910_172709.edpb	backup	保留	当前 v3 容器；备份套件及协议复核所用真实样本	e941f89c62680d5f5273e5db6a83159ce48091a6c50eb1233b2d655e1c4214bb
backup/disk6_122880000_vid0dd8_pid2005_disk&ven_netac&prod_onlydisk_onlyid524186534_20260910_171924.edpb	backup	保留	当前 v3 容器；备份套件及协议复核所用真实样本	19cdcd146b3fd3ee8d46058b0de5b76cac9d3fbf169844b95e81ccad470744e0
backup/disk6_122880000_vid0dd8_pid2005_disk&ven_netac&prod_onlydisk_onlyid891919248_20260910_171808.edpb	backup	保留	当前 v3 容器；备份套件及协议复核所用真实样本	742ddf8e1b151e01200dc0c06ab90da4e34fba014004ad9f41b562ca76b230e5
backup/disk6_122880000_vid0dd8_pid2005_disk&ven_netac&prod_onlydisk_onlyid949028302_20260910_172349.edpb	backup	保留	当前 v3 容器；备份套件及协议复核所用真实样本	7508e40f4917fb2d4ae9f348f741d88bfe7f55979132e1b1d2d4e844e7b9e96b
backup/disk6_122880000_vid0dd8_pid2005_disk&ven_netac&prod_onlydisk_onlyid949028302_20260910_172420.edpb	backup	保留	当前 v3 容器；备份套件及协议复核所用真实样本	c6eacbe51f81f811925accf0f1d63c99c72da36959afbd16d63a1cdb20785eff
backup/disk6_122880000_vid0dd8_pid2005_disk&ven_netac&prod_onlydisk_onlyid949028302_20260910_172433.edpb	backup	保留	当前 v3 容器；备份套件及协议复核所用真实样本	bac26f548799a440db45262d3dc6c17f19660e4405e57b8038ca247a73417ac0
build.rs	build.rs	保留	当前构建、依赖锁定、仓库配置或入口；未确认废弃	67db0be6e44cf3858d19aab3e0f27578002cfd26cdc99629e407be5767ac0161
deny.toml	deny.toml	保留	当前构建、依赖锁定、仓库配置或入口；未确认废弃	cffd0ab9d1d98f66eec676be2d709e92b55637d21c283a41b100e59c6f0e6927
docs/README.md	docs	更新	更新索引为当前规范、清理结论和有效证据	5dd6007db176c6eb189652e0b6d8546b6f666354fcfc3007a8a778fcaa0c6957
docs/architecture/ARCHITECTURE.md	docs	保留	当前规范；核对代码路径、产品边界、文档契约和相对链接	f1019204707ba61f2996ef63454ad947a28c2f3c6cb6e9accd2e5e03099f0401
docs/architecture/PHYSICAL_HIL_GOVERNANCE.md	docs	保留	当前规范；核对代码路径、产品边界、文档契约和相对链接	2bf101fd0d41f7833011f6e8a7d3ee91bc5dae5cbb0b15f787180f1aaa70d809
docs/backup/EDPB_FORMAT.md	docs	保留	当前规范；核对代码路径、产品边界、文档契约和相对链接	a6b0940da336f0359715bc6dd92c8355a14307a1d78c2f4d1ee5300e5b8bfa69
docs/protocol/EDP_LBA0_12_FIELD_GUIDE.md	docs	保留	当前规范；核对代码路径、产品边界、文档契约和相对链接	6007cc167a98c07f735b9eb820e467ffef099bed72382e07bf55915383951e87
docs/protocol/EDP_PROTOCOL_REVERSE_ENGINEERING.md	docs	保留	当前规范；核对代码路径、产品边界、文档契约和相对链接	cf6bd9da31e4176fcabb4f45a20b6230123a3719295f8ad034da6cde9fb70753
docs/protocol/LCE.md	docs	保留	当前规范；核对代码路径、产品边界、文档契约和相对链接	f9b9077fa53c9bafda8eb1323684a0ce53e1a342db99bb69f245cc2f5f647084
docs/protocol/README.md	docs	保留	当前规范；核对代码路径、产品边界、文档契约和相对链接	5d7be52c47b17b5100a3362f641bbc4004d4a7f322330cc55cbeaa6bb051ed8d
docs/provisioning/PROVISIONING.md	docs	保留	当前规范；核对代码路径、产品边界、文档契约和相对链接	3ecc3c6c1405f45b39d06a01884cf002db90ef2db1e1fe73fb087ab90fe35c35
docs/ui/TUI.md	docs	保留	当前规范；核对代码路径、产品边界、文档契约和相对链接	879fdda7b1897c7651de916701abf517d556bd9ea88dc86745fa7290e2d4653b
docs/user/RELEASE.md	docs	保留	当前规范；核对代码路径、产品边界、文档契约和相对链接	306262e412aab4d0c511fbb89a900d2a4d8f74f4eea0eb6c65e476b8509433fd
docs/user/USAGE.md	docs	更新	修正已移除的数据迁移、gl 跳转或三面板描述	051c5b1bac7be83021005b0977835fd1316ec06ab697ad89139cbc62151bbd1e
examples/catalog_refresh_bench.rs	examples	保留	已接入 Cargo 测试或示例入口及 path 模块图；覆盖当前能力、故障拒绝或独立 HIL	523a6386e460d70cbda6e648de5d6fbc78fdca2fd8ff3fbf8849d5a5ef88d9e2
examples/hil_provision_front.rs	examples	保留	已接入 Cargo 测试或示例入口及 path 模块图；覆盖当前能力、故障拒绝或独立 HIL	1c698ec54a4f83884c0ed2a3738039890d698730c71c66716808a0a3a7a2f66e
examples/real_usb_password_hil.rs	examples	保留	已接入 Cargo 测试或示例入口及 path 模块图；覆盖当前能力、故障拒绝或独立 HIL	0f64bbd6af90d870720d9169da81ecbd0c106615b73bafad98e7c319da5dbc60
examples/real_usb_restore_format_hil.rs	examples	保留	已接入 Cargo 测试或示例入口及 path 模块图；覆盖当前能力、故障拒绝或独立 HIL	9a99df237e2adb0a359ca6a6ac344055fd79d44e1dfa22c63b0bc19de8ecb447
examples/real_usb_rollback_hil.rs	examples	保留	已接入 Cargo 测试或示例入口及 path 模块图；覆盖当前能力、故障拒绝或独立 HIL	578ca8140d713ca34d1a9f120191399fc1af0848ea64d4a018306399b948b0e5
rust-toolchain.toml	rust-toolchain.toml	保留	当前构建、依赖锁定、仓库配置或入口；未确认废弃	c910997cb152c6dc8ed13b1fdf9fa28a4ed30d6776123e27dd6170e5c66067a0
scripts/change_scope.py	scripts	保留	当前测试、构建、安装、发布或独立 HIL 工具链	d4f74972934a520b5cb1f1a2422eae3591001027d9b7659b2ba358f5f86a258a
scripts/ci/build_config.py	CI 与发布工具	保留	当前测试、构建、安装、发布或独立 HIL 工具链	f4225f008586c4bb0481940ddd70cff37cabb9fc3ad5b2909a3fc22027209f9f
scripts/ci/generate-cyclonedx-sbom.py	CI 与发布工具	保留	当前测试、构建、安装、发布或独立 HIL 工具链	7773616d474bb32cc97983ef18d058c890a590b68b4e7bf683630a8e901d6e89
scripts/ci/generate-release-manifest.py	CI 与发布工具	保留	当前测试、构建、安装、发布或独立 HIL 工具链	b58c5e9bfda6781e3cee95e3092d59712feb9cb0ba569fe9b0d46ff973beff58
scripts/ci/linux-virtual-disk-hil.sh	CI 与发布工具	保留	当前测试、构建、安装、发布或独立 HIL 工具链	ca6ec446a43184aa951382d9da4ae28ce3215090e2f7f55f953b40ffc3a9471f
scripts/ci/macos-plain-virtual-disk-hil.sh	CI 与发布工具	保留	当前测试、构建、安装、发布或独立 HIL 工具链	1b66d81d25c8818f31a501988ce65206ddd62e3e38e1ad5d932fbb0452553865
scripts/ci/macos-virtual-disk-hil.sh	CI 与发布工具	保留	当前测试、构建、安装、发布或独立 HIL 工具链	2d67f534a1e468a6e0da7181eacb4e983f054062b1adf25ccc2cda8b38ef0828
scripts/ci/run-cargo-test-ci.py	CI 与发布工具	移除	旧 CI 兼容转发无实际调用；工作流直接调用 scripts/test-full.py	0402e5cfe688cfbcbc1275580c9753934474a03f4fcb7c8f73ecb6bfae011045
scripts/ci/verify-release-ci.py	CI 与发布工具	保留	当前测试、构建、安装、发布或独立 HIL 工具链	17ebb404346e7af3ab515c10c82ef59c2b47e77a6bfdbfc6683cef2fc0f2d626
scripts/ci/windows-virtual-disk-hil.ps1	CI 与发布工具	保留	当前测试、构建、安装、发布或独立 HIL 工具链	67fb07944661acc2f768a2bc0eab6f14f945acbcee85ac95cad1a8e8035844cd
scripts/hil-fat16-macos.sh	scripts	保留	当前测试、构建、安装、发布或独立 HIL 工具链	c9bece148c36f86960cbd821ce101b6e9d922e9f888b59ed28aee3e03ff9b980
scripts/hil-fat32-macos.sh	scripts	保留	当前测试、构建、安装、发布或独立 HIL 工具链	3e608e168765a9e41665ea2d8114a35502c200f088731a6c8d11876ad1569180
scripts/install-git-hooks.ps1	scripts	保留	当前测试、构建、安装、发布或独立 HIL 工具链	ed2d86bf27e712b1e88faa9ade6599771353f74dfe319ab40529937bb621dba9
scripts/install-git-hooks.sh	scripts	保留	当前测试、构建、安装、发布或独立 HIL 工具链	efc6abe31fd53d0cd5b13245cd2cf1003e699fa009e08dab48416edcaf3fb6d6
scripts/install-local.sh	scripts	保留	当前测试、构建、安装、发布或独立 HIL 工具链	a6db961cd4c5ea33a55a382accf5d51273bd8962749bdd3941553b9ecc4e1557
scripts/install.sh	scripts	保留	当前测试、构建、安装、发布或独立 HIL 工具链	2fc73f09a4c14143107bffdd2e290baecd79d483b0139ec392f36ac074e7161e
scripts/protocol/audit_baseline.py	协议复现工具	保留	协议证据的复现、查询、生成或只读再采集工具；不因历史版本名删除	454b05cb8191fea28b7db18f6ef180178375d6915457e8c73770688a9d9e7cdf
scripts/protocol/audit_current_busmanage_dept_forwarding.py	协议复现工具	保留	协议证据的复现、查询、生成或只读再采集工具；不因历史版本名删除	af81ad8dfcbf9529cb58ea083dbc20f9dc2138eac4dbf7b5a202b693f87cc905
scripts/protocol/audit_join59_selector.py	协议复现工具	保留	协议证据的复现、查询、生成或只读再采集工具；不因历史版本名删除	7a2db2b4bad1f0bacca376bd04a856861502d5b69edf277d10400434d85155cd
scripts/protocol/audit_join59_semantic_closure.py	协议复现工具	保留	协议证据的复现、查询、生成或只读再采集工具；不因历史版本名删除	789709eff304eb1e13279f2b24f181277300d5b2c02e343a19cb9d9daaf74d24
scripts/protocol/audit_lba3_phison_marker_page.py	协议复现工具	保留	协议证据的复现、查询、生成或只读再采集工具；不因历史版本名删除	ba721c8170d54721e014d55bbd027af373571dd9c6edec931fe202fd84a569ab
scripts/protocol/audit_legacy_labeltool_boundary.py	协议复现工具	保留	协议证据的复现、查询、生成或只读再采集工具；不因历史版本名删除	d975c16c880d31d57c7c1d40031f84cd85f73cb96412bbc012e47e834da7f89b
scripts/protocol/audit_legacy_lba6_mbr_underlay.py	协议复现工具	保留	协议证据的复现、查询、生成或只读再采集工具；不因历史版本名删除	ffd0c0ad2d3b1fccb00216739746411ab922f313e3a4478b8943a15bb02fcd66
scripts/protocol/audit_modfilesyscheck_ydcc210_boundary.py	协议复现工具	保留	协议证据的复现、查询、生成或只读再采集工具；不因历史版本名删除	465b9ecdf7cfc0c7bb7dcdc3be23682ff9e08386f68403601cf38ebf2584dd30
scripts/protocol/audit_netac_mbr_entry_boundary.py	协议复现工具	保留	协议证据的复现、查询、生成或只读再采集工具；不因历史版本名删除	5260d9a2ff77b531ce0e0f311f0c24d5edad9750a2560e4be0e6a47e93ca527e
scripts/protocol/audit_v19_lba3_preserve.py	协议复现工具	保留	协议证据的复现、查询、生成或只读再采集工具；不因历史版本名删除	92840000e078915aedc7890be78861a1b2166326a2ee4bc419137881c352ac4f
scripts/protocol/audit_v19_lba6_beizhu_slot.py	协议复现工具	保留	协议证据的复现、查询、生成或只读再采集工具；不因历史版本名删除	ead673251d68b4db0f722353e1bc5251033fb6fe0e624033b9fd034e81ec3641
scripts/protocol/audit_vupdate_metadata_crypto.py	协议复现工具	保留	协议证据的复现、查询、生成或只读再采集工具；不因历史版本名删除	c154a642ae68e3665c083cbf8a4cdae30784a0a3a8200b13c6252c0536776b2a
scripts/protocol/audit_ydcc_2025_label_stack_routing.py	协议复现工具	保留	协议证据的复现、查询、生成或只读再采集工具；不因历史版本名删除	ce1d94fa90a2c00c81168b84da986cdbd10d82abfff9c12cc0f203e16d19b93d
scripts/protocol/audit_ydcc_2025_runtime_fingerprint.py	协议复现工具	保留	协议证据的复现、查询、生成或只读再采集工具；不因历史版本名删除	83cebbffc02733460819c2848e1adae781819a06efa43643f7574a74159b80d8
scripts/protocol/audit_ydcc_2025_update_provenance.py	协议复现工具	保留	协议证据的复现、查询、生成或只读再采集工具；不因历史版本名删除	63790231b1a9e91ce0b52e2433bde20dad6d72a241592d6ba3a63aed8ecb0ba1
scripts/protocol/audit_ydcc_update_wire.py	协议复现工具	保留	协议证据的复现、查询、生成或只读再采集工具；不因历史版本名删除	f60f90da2812bdb21c38bf87ca9e8f9ded08afc50ea9ba5bd130afc4e5981d7e
scripts/protocol/capture_lba7_compatibility_readonly.py	协议复现工具	保留	协议证据的复现、查询、生成或只读再采集工具；不因历史版本名删除	01b3f12bd5d7e88feb9b900e663a71cd0008f8a5d8d51454c4dc5f06c7007757
scripts/protocol/generate_field_guide.rs	协议复现工具	保留	协议证据的复现、查询、生成或只读再采集工具；不因历史版本名删除	b010e2a6e61fcf8f61f00e8a7e66474bb02392fb7a85116815954dd512b8ec76
scripts/protocol/probe_lba4_reader.py	协议复现工具	保留	协议证据的复现、查询、生成或只读再采集工具；不因历史版本名删除	5b1fa55df741ecb4a656cc5d594599648a6a1bfe8aa64b62f44d90fa640a9f3e
scripts/protocol/probe_lba4_v19_writer.py	协议复现工具	保留	协议证据的复现、查询、生成或只读再采集工具；不因历史版本名删除	36abfd7b6f34196f64958cfaf73898f6466da92047745ca26d7cf932549dcb96
scripts/protocol/probe_lba7_compatibility_driver.py	协议复现工具	保留	协议证据的复现、查询、生成或只读再采集工具；不因历史版本名删除	78a3e3d4fc88dca457fe33af752f315da9744fa4ce64f8fd0f1ebb4326045f80
scripts/protocol/query_byte_ledger.py	协议复现工具	保留	协议证据的复现、查询、生成或只读再采集工具；不因历史版本名删除	f9428b1d224f540fe1f4f3622ddf0224a549ed82767a715121c9e779fa5807db
scripts/test-benchmark.py	scripts	保留	当前测试、构建、安装、发布或独立 HIL 工具链	57a2956df9bacc11a3d91e138aac41679a4ed96005a1097ccc8dfb5eeb4cc532
scripts/test-budgets.json	scripts	保留	当前测试、构建、安装、发布或独立 HIL 工具链	438b56c72a6238ca095c34e1fbadc7fd274a5303006381e7556ed4eb3043a20d
scripts/test-change-scope.py	scripts	保留	当前测试、构建、安装、发布或独立 HIL 工具链	ffb5413dd550e2e38039fad7daf34bf276cff82600ed5fc65ed966f64dc4588e
scripts/test-fast.sh	scripts	保留	当前测试、构建、安装、发布或独立 HIL 工具链	b538ff70c7b71c4932ab9fd0eacd9d8c4ab7486f18f2832f11ba0494e718454f
scripts/test-full.py	scripts	保留	当前测试、构建、安装、发布或独立 HIL 工具链	6d3cd31e62d82bbc7e3a9e18a8c0a36c57c2f977bc81e9d64d34b603c19f2995
scripts/test_gate.py	scripts	保留	当前测试、构建、安装、发布或独立 HIL 工具链	663a749d3c3dd73837d8187d1f86e3ee8c104c8115ba6ba05166729f48436de9
scripts/tests/test_engineering.py	scripts	更新	增加全模块候选、文档/脚本、未知规则 fail-closed 和退役回流检测行为回归	cc1c35806e3ae89dfbbbfd86afc0e35f257cf2db95bf5930f12136e492fe848f
scripts/tests/test_test_runner.py	scripts	保留	当前测试、构建、安装、发布或独立 HIL 工具链	b0da7906513b6fa6bdbf5ac70e5cb61bcd12ec226a987367a7aac1466a7f523b
scripts/tests/test_tui_replay.py	scripts	保留	当前测试、构建、安装、发布或独立 HIL 工具链	0aeb5db5f5309a0d41ad7f9527d04edabe02524047033913e1d8c3c85d10a1a2
scripts/tui-replay.py	scripts	保留	当前测试、构建、安装、发布或独立 HIL 工具链	67faac61af4731a4cf217503e33215d50756bef7ceb4f81093d71676607d581d
src/application.rs	src/根入口与门面	保留	Rust AST 模块图可达；含内部测试及平台条件分支；公开符号引用已筛查	ca7aef319cb3ca8ae87304f365ea301d87e679f98c4ac47552358705729b0c6c
src/application/backup.rs	src/application	保留	Rust AST 模块图可达；含内部测试及平台条件分支；公开符号引用已筛查	c261b9f92bd69330e78a3527543f6adcc8f0b2722d9e2546d6af10ef7c26b588
src/application/backup_coverage.rs	src/application	保留	Rust AST 模块图可达；含内部测试及平台条件分支；公开符号引用已筛查	db50e12bc50b04e9c5bd1356bbb19c6dec20ca958c15e217029420f1f1cee2bb
src/application/backup_restore_preview.rs	src/application	保留	Rust AST 模块图可达；含内部测试及平台条件分支；公开符号引用已筛查	39d2db49665b90102bed5feaee69cce5b6ab69e720bb0122c7ec308e6562e1fe
src/application/catalog_snapshot.rs	src/application	保留	Rust AST 模块图可达；含内部测试及平台条件分支；公开符号引用已筛查	111c507c8f50b6e908538bac6610299f8b0f59504b31c59e04233c2db901c695
src/application/device.rs	src/application	保留	Rust AST 模块图可达；含内部测试及平台条件分支；公开符号引用已筛查	b4fa97b5029799628a1eb3a7fd0a069cbb7064ae32e991d83c88692901daba88
src/application/disk_layout.rs	src/application	保留	Rust AST 模块图可达；含内部测试及平台条件分支；公开符号引用已筛查	6da61dc0847aed184aced711fa7c3a20631974623de913d1dab78cdc974c7dfc
src/application/error.rs	src/application	保留	Rust AST 模块图可达；含内部测试及平台条件分支；公开符号引用已筛查	cd4f6658dd99f19eaa2c295a34d0d0235b021944c50828da69585e6e54f14022
src/application/evidence.rs	src/application	保留	Rust AST 模块图可达；含内部测试及平台条件分支；公开符号引用已筛查	4f5d77dfd930486241642c41ce6c46b27fdcb563a2f3039cd5a6059d0552269e
src/application/filesystem_format.rs	src/application	保留	Rust AST 模块图可达；含内部测试及平台条件分支；公开符号引用已筛查	548aa7fc3bf613d397e0d322bb2684a7e10bd82a8dad7b3a9e4ef1549268589a
src/application/identity.rs	src/application	保留	Rust AST 模块图可达；含内部测试及平台条件分支；公开符号引用已筛查	906d6b5ef0d5be9283c79ade75fe341d6707983960a78447bf1acee25640aded
src/application/inspect.rs	src/application	更新	移除无调用包装及重导出	be44f95efba5de584c35d97c6ca57e43ca126490e3ab0ecb2315c360db798913
src/application/inspect/advanced_tests.rs	src/application	更新	删除旧解析器测试；边界、默认范围与列表回归迁至当前 CLI 入口	2768dcaa8771e263e41cb368a529ad18a630b8109c4eb7a437077037da9062e1
src/application/inspect/decode.rs	src/application	保留	Rust AST 模块图可达；含内部测试及平台条件分支；公开符号引用已筛查	5f680bdecea17e6fd1d3e67b18d5a7e4a39ba1812530401c043c26d34a9d9f8b
src/application/inspect/export.rs	src/application	保留	Rust AST 模块图可达；含内部测试及平台条件分支；公开符号引用已筛查	a6d3d5ed25ec19711d9edbeee163b0d7b8c5a1d380f9e23e9a1969516daec84d
src/application/inspect/model.rs	src/application	保留	Rust AST 模块图可达；含内部测试及平台条件分支；公开符号引用已筛查	861d4896dfadc10c3bcdf6b4762673a001469a0db959f2630745e3fbdb5ce079
src/application/inspect/request.rs	src/application	移除	移除仅测试使用的旧 LBA 参数解析器；回归迁至当前 CLI parser	8700b28d9dcfdd06fb3254e81ae5df878e362a5315a5a691524a8668790fb594
src/application/inspect/service.rs	src/application	更新	移除检查隐式默认请求包装；有效备份回归使用显式请求与现行入口	a3b62ac2da12fda6ce80daad0252767c209282bec17bb871b4220c59a9646bb8
src/application/inspect/source.rs	src/application	保留	Rust AST 模块图可达；含内部测试及平台条件分支；公开符号引用已筛查	c83cd8701edede9a636963b5a8305e37ce7a55c694f76c34c5ff5146b7abdbaf
src/application/inspect_summary.rs	src/application	保留	Rust AST 模块图可达；含内部测试及平台条件分支；公开符号引用已筛查	b88cf81bbb23a84664d7758d6dbc331b8147eb67f4fb8cb7cea221555c776120
src/application/inspect_text.rs	src/application	更新	删除旧彩色主题回调；现行字段纯文本导出直接渲染并继续回归	9cbd525f356b996a0d5d5ffeca4d1440057b27d11caadb79134f558c6611d6a9
src/application/inspect_tree.rs	src/application	更新	移除无调用包装及重导出	d5b9c07475b5e1f543d7ad8705b199eb30beb95791e847578eb728a8e80443eb
src/application/inspect_tree/build.rs	src/application	保留	Rust AST 模块图可达；含内部测试及平台条件分支；公开符号引用已筛查	407d987c57cc3f80dd1516299595c02bef06c29d3c240f6ada08818706cab3c0
src/application/inspect_tree/model.rs	src/application	保留	Rust AST 模块图可达；含内部测试及平台条件分支；公开符号引用已筛查	1944a9fe32e297b97ba3c62071b859df3978cdf814f4e1a06fb112a01cd420c0
src/application/inspect_tree/search.rs	src/application	更新	移除无调用包装及重导出	a72632fb56fab32bef01563aa976db24a751217cd38931c02a861619969a1377
src/application/inspect_tree/tests.rs	src/application	保留	Rust AST 模块图可达；含内部测试及平台条件分支；公开符号引用已筛查	8c123326203a2f60438fc055c30ee3520ba9ae1f8d00eee0c72deb53c5019b55
src/application/inspect_tree/topology.rs	src/application	保留	Rust AST 模块图可达；含内部测试及平台条件分支；公开符号引用已筛查	57eb710afe16ed3696d9972914bf9dbc78fdfeeb28cd11c44cfc71c119233c1e
src/application/media_identity.rs	src/application	保留	Rust AST 模块图可达；含内部测试及平台条件分支；公开符号引用已筛查	06fa947053f7f34aea1b9c4557b55bd57ab9d7599f5bd52584eefeec807ec59b
src/application/media_identity_observer.rs	src/application	保留	Rust AST 模块图可达；含内部测试及平台条件分支；公开符号引用已筛查	dc5910dd39e2ae57ecb0a17d8fd1f0ba303b5995940f7fae19c1eb5b9974722a
src/application/partition_table.rs	src/application	保留	Rust AST 模块图可达；含内部测试及平台条件分支；公开符号引用已筛查	1ba3b6aac8cdd894555c84058fd2dba626ad2315609aa0f113338b6a01a30f19
src/application/post_restore.rs	src/application	保留	Rust AST 模块图可达；含内部测试及平台条件分支；公开符号引用已筛查	93d3978cd0428b92c815dc189fa93dfeccb1bce0f028ab9a7d990e2a21737412
src/application/post_restore/format_operation.rs	src/application	保留	Rust AST 模块图可达；含内部测试及平台条件分支；公开符号引用已筛查	97b98767e565dc7bff927249bc5ac6e50a039a3d7c11e693ea88d02a2e1c7993
src/application/post_restore/format_progress.rs	src/application	保留	Rust AST 模块图可达；含内部测试及平台条件分支；公开符号引用已筛查	1da83a6287ed563796cca20f07bc5b5a03ea53d0d8198d717884b31426f981c3
src/application/post_restore/layout_projection.rs	src/application	保留	Rust AST 模块图可达；含内部测试及平台条件分支；公开符号引用已筛查	9210c0e53225186b8a775b12210470e5f9ab2217824dac8deee7595973a44f63
src/application/post_restore/reinitialize.rs	src/application	保留	Rust AST 模块图可达；含内部测试及平台条件分支；公开符号引用已筛查	bf2be0a3183dda50e7649913b780419b7b977b8c798323236185ebabbe9b69de
src/application/progress.rs	src/application	保留	Rust AST 模块图可达；含内部测试及平台条件分支；公开符号引用已筛查	50f929a1c328250aaacd7fd96d2f887092c41a7a3870cce394844cfdf76aadd2
src/application/progress/retention.rs	src/application	保留	Rust AST 模块图可达；含内部测试及平台条件分支；公开符号引用已筛查	47fbaa8a6b8b809ec59373ee8e19cf00344611ed0c5438f093caeada2142f74e
src/application/provision.rs	src/application	保留	Rust AST 模块图可达；含内部测试及平台条件分支；公开符号引用已筛查	d4ab35352ded24b4476348b2482844cc0eefaea4c90f43395098b108b0c24036
src/application/provision/assessment.rs	src/application	保留	Rust AST 模块图可达；含内部测试及平台条件分支；公开符号引用已筛查	fe7934e01187d6da99cef0307adbcd25cf196643f7af2e287f187804454f36d7
src/application/provision/commit.rs	src/application	保留	Rust AST 模块图可达；含内部测试及平台条件分支；公开符号引用已筛查	f21bbba2c835fde644617e797197b414614f5263be033249dda188b3d81ab1cc
src/application/provision/commit/partition_format.rs	src/application	保留	Rust AST 模块图可达；含内部测试及平台条件分支；公开符号引用已筛查	dc622c300180e40be0ff9a8a2cbe55be1ed3fbe0a4cab77c0b5b476ba820545a
src/application/provision/commit/tests.rs	src/application	保留	Rust AST 模块图可达；含内部测试及平台条件分支；公开符号引用已筛查	0541c714bbe57bc4a3807233e2c4f5a53cf6bea17cef866b35236e9876c20bc2
src/application/provision/commit/validation.rs	src/application	保留	Rust AST 模块图可达；含内部测试及平台条件分支；公开符号引用已筛查	d87b11a72b5411113a305003a257c4a4f4564c200af7c9117446782079d30518
src/application/provision/error.rs	src/application	保留	Rust AST 模块图可达；含内部测试及平台条件分支；公开符号引用已筛查	35d7b9733b0fb0e4a4c140cb38261bb29b4e2291338c09a960f686d859a76e22
src/application/provision/export.rs	src/application	保留	Rust AST 模块图可达；含内部测试及平台条件分支；公开符号引用已筛查	12dceac7a0fd6ea3e400e48654dfaa80bf31215f470cfe81f47a8968d957f73e
src/application/provision/format_plan.rs	src/application	保留	Rust AST 模块图可达；含内部测试及平台条件分支；公开符号引用已筛查	c973c6c43ff338f2e6b6fbd183b63cea971c52ecfee8a896a571cc1e7e7e2704
src/application/provision/identity_lineage.rs	src/application	保留	Rust AST 模块图可达；含内部测试及平台条件分支；公开符号引用已筛查	3cebb491849077dcb4b7b0cd73015f5c600f6b3a0c2f70c53a153961e5a6f4aa
src/application/provision/prepare.rs	src/application	更新	移除制盘加密容量计算已忽略的模式参数，保留分区自身容量语义	e655295ed6254a55b208e1a231a06a8a2d741e474b4d68b113ccc68c982a00c7
src/application/provision/prepare/key_probe.rs	src/application	保留	Rust AST 模块图可达；含内部测试及平台条件分支；公开符号引用已筛查	229b8b3b29d6073c04221c7f37ac43bada72d369b532bb6349e2c0872896e888
src/application/provision/prepare/source_profile.rs	src/application	保留	Rust AST 模块图可达；含内部测试及平台条件分支；公开符号引用已筛查	9de231c9a0bc43b96572f5a9bc4a930d039e17679c0d2e2221933a4bebdda610
src/application/provision/prepared_projection.rs	src/application	保留	Rust AST 模块图可达；含内部测试及平台条件分支；公开符号引用已筛查	3bf45283b27f69e487dc3d8cc64d7eaac7349ce934b3c06b384c6ba8f6846388
src/application/provision/progress_projection.rs	src/application	保留	Rust AST 模块图可达；含内部测试及平台条件分支；公开符号引用已筛查	c13407407e081a7a99f141cb1be9a2a9bacd347eefe6d3c1aa5d0f441b35a2f1
src/application/provision/tests.rs	src/application	更新	更新 mode2 容量回归到现行参数契约	4887cf1358507a23fff56b3b1f7df64659000c80dca923078d889fb7b30a4c40
src/application/provision_geometry.rs	src/application	保留	Rust AST 模块图可达；含内部测试及平台条件分支；公开符号引用已筛查	d9a865745310d1f822b79b776db3e12533676e6ba3b7585c6145410f8f5e754e
src/application/target_session.rs	src/application	保留	Rust AST 模块图可达；含内部测试及平台条件分支；公开符号引用已筛查	1ea4ad2fdc50021402dec23fb8da5a58b146d816dd98318fe34ddc4c0db961d5
src/application/write.rs	src/application	保留	Rust AST 模块图可达；含内部测试及平台条件分支；公开符号引用已筛查	e22f779b05c3194435d3dacabada113c12c9c1ec7a30db6c5aa707c881e00649
src/application/write/backup.rs	src/application	保留	Rust AST 模块图可达；含内部测试及平台条件分支；公开符号引用已筛查	e51a20990647338b2455cc055a2c1e1121f6c4697f1d87d1da045a31934a444a
src/application/write/restore.rs	src/application	保留	Rust AST 模块图可达；含内部测试及平台条件分支；公开符号引用已筛查	cfb70258a2b5d6372bb84a8111f3a3a37945f3bd659b41b72764ecfefb4ed713
src/application/write/restore_plan.rs	src/application	保留	Rust AST 模块图可达；含内部测试及平台条件分支；公开符号引用已筛查	c62419f5ad1cf4822ff151a51437d5cab100026bb7b44921626ebfc28fdd9879
src/backup_catalog.rs	src/根入口与门面	保留	Rust AST 模块图可达；含内部测试及平台条件分支；公开符号引用已筛查	36ffed2d514019c2d094118c45f49e81ec9db369e1d0b7f89c5a6d8a38880683
src/backup_catalog/delete.rs	src/backup_catalog	保留	Rust AST 模块图可达；含内部测试及平台条件分支；公开符号引用已筛查	bd2d76509725064999d5d0f51ffaf9b8ebadd9046397fba2ece36c6f1221689f
src/backup_cli.rs	src/根入口与门面	保留	Rust AST 模块图可达；含内部测试及平台条件分支；公开符号引用已筛查	bb5dd1ea0b9378ce2bac66550fc03f7e7e0bb59253f57100cd51918e27c0708f
src/backup_coverage.rs	src/根入口与门面	保留	Rust AST 模块图可达；含内部测试及平台条件分支；公开符号引用已筛查	4862f6f27aa7541a95a2f7624921cef3b9d2928469269704b5d55c137610e8b9
src/backup_metadata.rs	src/根入口与门面	保留	Rust AST 模块图可达；含内部测试及平台条件分支；公开符号引用已筛查	cfb137e3e73cac540dd80022c692f14fe22123cf2fbdfb892934a867f343d536
src/backup_restore_preview.rs	src/根入口与门面	保留	Rust AST 模块图可达；含内部测试及平台条件分支；公开符号引用已筛查	e355e51a1b471057ec54072238012748c2b59504f54502ed7f1970ffdd82fbf4
src/bounded_read.rs	src/根入口与门面	保留	Rust AST 模块图可达；含内部测试及平台条件分支；公开符号引用已筛查	70dcc3b23dcecbb2788accbe8b4ba22e24739828a419618a7a8bd54e667443bb
src/build_info.rs	src/根入口与门面	保留	Rust AST 模块图可达；含内部测试及平台条件分支；公开符号引用已筛查	fdd8b130faab7c2a4442d015cca853e8c9b5f21daaf6463b7a9e2c6e15354613
src/cli.rs	src/根入口与门面	保留	Rust AST 模块图可达；含内部测试及平台条件分支；公开符号引用已筛查	408464b5153ba9cecdb46f489e42a482d212875b0c4ca60919d9030d4c6393df
src/cli/commands/backup.rs	src/cli	保留	Rust AST 模块图可达；含内部测试及平台条件分支；公开符号引用已筛查	6909308206634b47b6a09e2dabd15204f449aeeac0d0145f84fd8f82e75cfc29
src/cli/commands/list.rs	src/cli	保留	Rust AST 模块图可达；含内部测试及平台条件分支；公开符号引用已筛查	893de28188cd0cb2c009484feada39f3deee2b255140d11bce70a36cd92150a1
src/cli/commands/mod.rs	src/cli	保留	Rust AST 模块图可达；含内部测试及平台条件分支；公开符号引用已筛查	a27ebb2ce127c9fa7fed772d4352f1ea3d3728a44b9805ecc2b243c84e1263c4
src/cli/commands/provision.rs	src/cli	保留	Rust AST 模块图可达；含内部测试及平台条件分支；公开符号引用已筛查	e3e5a3008a4114aab6ac5ab8ae588e7c6e7e3a48a76626bf45af53c3ce795bcf
src/cli/prompter.rs	src/cli	保留	Rust AST 模块图可达；含内部测试及平台条件分支；公开符号引用已筛查	5808b2d7088222ac6fc6e97ba75b19f900c1b7077d399c8d5783bc079da167a2
src/cli/tests.rs	src/cli	保留	Rust AST 模块图可达；含内部测试及平台条件分支；公开符号引用已筛查	379bebfc8ff894acbaa583653e4259bb4b1d2f802fc566073a63a4e3c94e1017
src/cli_args.rs	src/根入口与门面	保留	Rust AST 模块图可达；含内部测试及平台条件分支；公开符号引用已筛查	aaf17451cfc2b7d4169bf107b7ab16e98633c7c924ed37605b9038e468ab5495
src/cli_args/backup.rs	src/cli_args	保留	Rust AST 模块图可达；含内部测试及平台条件分支；公开符号引用已筛查	95c732d06592a6b5493a1e7a4fdd37fa255d58026718d7bac0c2f599a0eb5c2b
src/cli_args/help.rs	src/cli_args	保留	Rust AST 模块图可达；含内部测试及平台条件分支；公开符号引用已筛查	dd2ccb7f62a2ac2e06452b3c07da1c499f434c0053421a33566a91b396afa046
src/cli_args/info.rs	src/cli_args	保留	Rust AST 模块图可达；含内部测试及平台条件分支；公开符号引用已筛查	71c0a5e034ea2039ff876b1ef2eeb096ab0495200453d0544cd7b9ff6a3d5e6d
src/cli_args/inspect.rs	src/cli_args	保留	Rust AST 模块图可达；含内部测试及平台条件分支；公开符号引用已筛查	1216dfc6bcb6d9adf17f36bde6760adeb33e50f539619c0b437d437e8b562566
src/cli_args/parse_support.rs	src/cli_args	保留	Rust AST 模块图可达；含内部测试及平台条件分支；公开符号引用已筛查	7dfd6c8f063bc4e9d94c7b28d8687f7e3639af7b61d475fc9bd577c7345809d1
src/cli_args/provision.rs	src/cli_args	保留	Rust AST 模块图可达；含内部测试及平台条件分支；公开符号引用已筛查	145f1aa6c1d3c44d69235b66781365797a0b437c2c985ccce9ec51a6d2aec509
src/command_spec.rs	src/根入口与门面	保留	Rust AST 模块图可达；含内部测试及平台条件分支；公开符号引用已筛查	9ea78a5ae858835e56db3179cf5fbf6387041acf0e330ef82676a8e0c8af30e2
src/common.rs	src/根入口与门面	保留	Rust AST 模块图可达；含内部测试及平台条件分支；公开符号引用已筛查	674f223585191c7bf850c85d2f8d025568a6781048eac2ee271a64b00bddad7d
src/completion.rs	src/根入口与门面	保留	Rust AST 模块图可达；含内部测试及平台条件分支；公开符号引用已筛查	035213507b057ba0d7150ffdfc801c78f9f6c3f0c275efc8f31141f06cd159ec
src/disk_layout.rs	src/根入口与门面	保留	Rust AST 模块图可达；含内部测试及平台条件分支；公开符号引用已筛查	46787a3aec062a59738c02e8cee86af748d4641100670274e4cff08664fd40b4
src/disk_scan.rs	src/根入口与门面	更新	更新 SAFE6 标签读取消费者	11750fc0f97006a40da67461d7b4822dbc7f8850c2c9c656d5bbfdb517685d0d
src/disk_scan_render.rs	src/根入口与门面	保留	Rust AST 模块图可达；含内部测试及平台条件分支；公开符号引用已筛查	197974be091e83d11d8b2792d792b375fa4be8dc517d8faf8fc1b057baf02d68
src/diskio.rs	src/根入口与门面	保留	Rust AST 模块图可达；含内部测试及平台条件分支；公开符号引用已筛查	aed8cc3dc75117815079205b02a7080d53d40a935820aea3dc78b3c23575cf7b
src/diskio/device.rs	src/diskio	保留	Rust AST 模块图可达；含内部测试及平台条件分支；公开符号引用已筛查	acf9e8bacd59f36544ecbe5939fce5153556a02343c6c406e89c6c62e11dfe58
src/diskio/transaction.rs	src/diskio	保留	Rust AST 模块图可达；含内部测试及平台条件分支；公开符号引用已筛查	fae792ec9311496b53b4dc64c14cfbc7a9c45301d50efdb0c51b64a79bf85a3d
src/domain/geometry.rs	src/domain	保留	Rust AST 模块图可达；含内部测试及平台条件分支；公开符号引用已筛查	a9570cfb50d518205ac2b71a98eafef65fd922d793aefacfbb1a3344b3af8f7f
src/domain/hardware.rs	src/domain	保留	Rust AST 模块图可达；含内部测试及平台条件分支；公开符号引用已筛查	5b221906fb301ddf6e7ea6e0ccf4e62f5b3a48b458329dd9c3cf7cfa8522ddce
src/domain/mod.rs	src/domain	保留	Rust AST 模块图可达；含内部测试及平台条件分支；公开符号引用已筛查	7c13a9d723c93ee84f17c8033e5342bee3e31dcddefc416fbaee30f8eba23d18
src/domain/secret.rs	src/domain	保留	Rust AST 模块图可达；含内部测试及平台条件分支；公开符号引用已筛查	7dac707dced793997e921211a0fe7bfb0e32efb40d95a778b6e871b972e8a2f8
src/edpb.rs	src/根入口与门面	保留	Rust AST 模块图可达；含内部测试及平台条件分支；公开符号引用已筛查	11626138e1fc2311b2f72ac7c6d2a204493103852bc66e469caaa9db5b08e097
src/edpb/codec.rs	src/edpb	保留	Rust AST 模块图可达；含内部测试及平台条件分支；公开符号引用已筛查	28645f8a9a9604722b83c86b83de846b257ff7362b27890c8b5394e64d8d9ffd
src/edpb/identity.rs	src/edpb	保留	Rust AST 模块图可达；含内部测试及平台条件分支；公开符号引用已筛查	200579791eff9f2e391f087f3f560980fee923199e959f9194deed96bed79971
src/edpb/identity/canonical.rs	src/edpb	保留	Rust AST 模块图可达；含内部测试及平台条件分支；公开符号引用已筛查	0e6ab34767c6d337b2d3b2cb33bf0118c366275aab7e8d86ec763fb59ed0503a
src/edpb/limits.rs	src/edpb	保留	Rust AST 模块图可达；含内部测试及平台条件分支；公开符号引用已筛查	b4eb35e5708f865c58436fc6d3b73f7be1134c55263c1084bf440462bd97faf1
src/edpb/model.rs	src/edpb	保留	Rust AST 模块图可达；含内部测试及平台条件分支；公开符号引用已筛查	b132f77e49bd08531bea29f2cd602c3ec48ced01a5e2bd613f88adbb9b508eb2
src/edpb/read.rs	src/edpb	保留	Rust AST 模块图可达；含内部测试及平台条件分支；公开符号引用已筛查	9b6128aaffdc06629c240fd64285ea22adf4e49da5a08e16f69dfea0b738bd25
src/edpb/validate.rs	src/edpb	保留	Rust AST 模块图可达；含内部测试及平台条件分支；公开符号引用已筛查	d1b40c555570706d186087c26af4cd558dac7b8e84d3cf87df9cffe7954ac3a6
src/edpb/write.rs	src/edpb	保留	Rust AST 模块图可达；含内部测试及平台条件分支；公开符号引用已筛查	b20500fda2797c10302e11b866433c1c4619680001cbe4589c07f365502bf1af
src/elevate.rs	src/根入口与门面	保留	Rust AST 模块图可达；含内部测试及平台条件分支；公开符号引用已筛查	381b938d02f5b2729560e78c358508329d55c99b11bbc6cbfae1b67963047c5b
src/filesystem/analysis/exfat.rs	src/filesystem	保留	Rust AST 模块图可达；含内部测试及平台条件分支；公开符号引用已筛查	193f89e4e1274d7ecb04ade172227d52132760b4bc878889c2b723fa1efaa350
src/filesystem/analysis/fat.rs	src/filesystem	保留	Rust AST 模块图可达；含内部测试及平台条件分支；公开符号引用已筛查	53d825ffdf99e9d980a1b55e3b890bdabbeedab2e7f002d5ab4bfca3d9f2cb12
src/filesystem/analysis/mod.rs	src/filesystem	更新	修正文件级迁移残留说明；当前分析用于格式化读回验证	60d354cb31ddd549a7fec4e4dc4b7842b9b6f46a89a91d278130a61cfe580dfd
src/filesystem/driver.rs	src/filesystem	保留	Rust AST 模块图可达；含内部测试及平台条件分支；公开符号引用已筛查	c7cd5bc01e9af88e1de2c50fc6deedde1e4fb0fd3a224ea4b90b6b65011a15d9
src/filesystem/error.rs	src/filesystem	保留	Rust AST 模块图可达；含内部测试及平台条件分支；公开符号引用已筛查	4ca986940669d703368cdd09bf2522b16cada602beee4c4b6ea8b1304d4c6822
src/filesystem/exfat.rs	src/filesystem	保留	Rust AST 模块图可达；含内部测试及平台条件分支；公开符号引用已筛查	b1b39493f194c8584b75cc81c77e331d83a2599f1a4cb75d1fa233487c1b0f29
src/filesystem/fat12.rs	src/filesystem	保留	Rust AST 模块图可达；含内部测试及平台条件分支；公开符号引用已筛查	299722c8a0ee6f6327f38ed2e47ed09d2297d220012abdaeffe61e8a51ff9302
src/filesystem/fat16.rs	src/filesystem	保留	Rust AST 模块图可达；含内部测试及平台条件分支；公开符号引用已筛查	afd26858609c015b2121caa1cd9ac29929809cb988579617f068d0cc73dfc240
src/filesystem/fat32.rs	src/filesystem	保留	Rust AST 模块图可达；含内部测试及平台条件分支；公开符号引用已筛查	f8e029e1d50863617a056c45da249ea1c12ac957d91f108cc4c48c7186ef2a42
src/filesystem/format.rs	src/filesystem	保留	Rust AST 模块图可达；含内部测试及平台条件分支；公开符号引用已筛查	865f5ad6f7b4b9a9987e681958ddb6716a0e348e5a59c400eced5ff91bd701f7
src/filesystem/image.rs	src/filesystem	保留	Rust AST 模块图可达；含内部测试及平台条件分支；公开符号引用已筛查	6bf7e091a9cd8d9ee3ec74f308cc769e4e7cb1e97184db8d84d8b7af7c481def
src/filesystem/io.rs	src/filesystem	保留	Rust AST 模块图可达；含内部测试及平台条件分支；公开符号引用已筛查	4063359cafd2176ebfaff645ccb97626c75ec5b91fac9c4c5fc438b84c9a8d6a
src/filesystem/kind.rs	src/filesystem	保留	Rust AST 模块图可达；含内部测试及平台条件分支；公开符号引用已筛查	32c4b1390c4af3db22ec5f623802d10bc66fc8c5bb6ad290ae1157e8c2c37dea
src/filesystem/metadata.rs	src/filesystem	保留	Rust AST 模块图可达；含内部测试及平台条件分支；公开符号引用已筛查	899987db46eeca98fafd84a0c042463fce53835d5bc4003d47338d223af9c31f
src/filesystem/mod.rs	src/filesystem	保留	Rust AST 模块图可达；含内部测试及平台条件分支；公开符号引用已筛查	ba68f6c25da2cdc142fe36138ab137307b06191d8c907b8c03ac79ef0fbfe47d
src/filesystem/ntfs.rs	src/filesystem	保留	Rust AST 模块图可达；含内部测试及平台条件分支；公开符号引用已筛查	6b67fc90fe4b5a1b0565053432bf467b64ce233293a455632d9326a70c343701
src/filesystem/policy.rs	src/filesystem	保留	Rust AST 模块图可达；含内部测试及平台条件分支；公开符号引用已筛查	dfeea15fc995068a1b59330118d1bc4fb2a97c38f4e9a2b7fa2c21b0334636ce
src/filesystem/probe.rs	src/filesystem	保留	Rust AST 模块图可达；含内部测试及平台条件分支；公开符号引用已筛查	7110ac0cfd47265d193cb9f195c4e6e5bb41021925c0c5e41f90c96d196b42c5
src/filesystem/registry.rs	src/filesystem	保留	Rust AST 模块图可达；含内部测试及平台条件分支；公开符号引用已筛查	fa6bd4a953446d528023833966ac04a734f3811d9b7559d970b3aaae62b62ac2
src/filesystem_capability.rs	src/根入口与门面	保留	Rust AST 模块图可达；含内部测试及平台条件分支；公开符号引用已筛查	20a4d606014d9390d4cce9a14d1a44dc80aad89adc4831d6be9e0edf6766f991
src/identify.rs	src/根入口与门面	保留	Rust AST 模块图可达；含内部测试及平台条件分支；公开符号引用已筛查	578e31e9a47927fb34f466f38a6c14bed8180004afa29870156087be1529fc1f
src/infrastructure/atomic_file.rs	src/infrastructure	保留	Rust AST 模块图可达；含内部测试及平台条件分支；公开符号引用已筛查	141236a5b1c3d8453e8a4423871a913544069f0a9fffe65d2ee180ea6d98effd
src/infrastructure/backup_store/catalog.rs	src/infrastructure	保留	Rust AST 模块图可达；含内部测试及平台条件分支；公开符号引用已筛查	5e66822ee35733454e1f20a7cc868dd0074e4164c561f3366ebb99fb7e3daaf9
src/infrastructure/backup_store/config.rs	src/infrastructure	保留	Rust AST 模块图可达；含内部测试及平台条件分支；公开符号引用已筛查	f09acc749426a8c09bf995527faf2744f8cdeaf0d78fbdcd748f5511eea44f83
src/infrastructure/backup_store/create.rs	src/infrastructure	保留	Rust AST 模块图可达；含内部测试及平台条件分支；公开符号引用已筛查	c428c5b5161277769cc9f9daba85d76effb8c9f3c849faadba9d2aa92aeb0759
src/infrastructure/backup_store/display_catalog.rs	src/infrastructure	保留	Rust AST 模块图可达；含内部测试及平台条件分支；公开符号引用已筛查	6646f19c0afe4f15b6f5d48d5c7a88a1c5f13f562c50391e1509c8cef7105183
src/infrastructure/backup_store/mod.rs	src/infrastructure	保留	Rust AST 模块图可达；含内部测试及平台条件分支；公开符号引用已筛查	ecd57bce6fc3fedad510d2f2ca64dbdd794ff3687d7ccb866d0e8fad4eae8e49
src/infrastructure/clock.rs	src/infrastructure	保留	Rust AST 模块图可达；含内部测试及平台条件分支；公开符号引用已筛查	780176916764c615663ac0ae92090ffdcce1f8e51db036b7d4f861a6be81d16b
src/infrastructure/mod.rs	src/infrastructure	保留	Rust AST 模块图可达；含内部测试及平台条件分支；公开符号引用已筛查	e3e84b77b6b4baa00ce9a2d6be59f2671ec552f8cbad5281b277cddf5d1e9da0
src/infrastructure/process.rs	src/infrastructure	保留	Rust AST 模块图可达；含内部测试及平台条件分支；公开符号引用已筛查	090ad66de20c78a7bcec2f69b179d148d1cb512da3d4e041989ec43a776a2399
src/infrastructure/process/windows_job.rs	src/infrastructure	保留	Rust AST 模块图可达；含内部测试及平台条件分支；公开符号引用已筛查	6f7929a6b302946421bb4d3889884bd4b1b70f4a04e6eb7265b713e58163b033
src/inspect.rs	src/根入口与门面	更新	移除旧渲染门面；保留当前协议模型重导出	9af9b3518356760cbac9ee29f50c10388453bea4b5255fd1d3fb67e15f0d68a1
src/inspect/catalog.rs	src/inspect	移除	移除仅单项测试使用的备份元信息适配器；测试显式投影现行 InspectMeta	a9c9d354c39478b2762a00ef2744239ebaa9bb540dc1abb2653d87caf8258ab6
src/inspect/edpf_fields.rs	src/inspect	保留	Rust AST 模块图可达；含内部测试及平台条件分支；公开符号引用已筛查	7450946648f8f7300b50fef5ea955c89077f22a49b2caf9e47cec9fbaa261dd4
src/inspect/field_contract.rs	src/inspect	保留	Rust AST 模块图可达；含内部测试及平台条件分支；公开符号引用已筛查	9701808c0c9ebb47cfa92faccb8aec5ceb83dbe68aa0ee6cdfcfcc35c93c79ab
src/inspect/lba_adapter.rs	src/inspect	保留	Rust AST 模块图可达；含内部测试及平台条件分支；公开符号引用已筛查	44f2d7eeea6a9b66d94d591de59c9b33ff9c443ef81d9cd66f54e22410679762
src/inspect/lba_early.rs	src/inspect	保留	Rust AST 模块图可达；含内部测试及平台条件分支；公开符号引用已筛查	f5ddb1f1cf31385259ad6f192bb4c766676638769af9cc76a71cb209253b0967
src/inspect/lba_late.rs	src/inspect	保留	Rust AST 模块图可达；含内部测试及平台条件分支；公开符号引用已筛查	f25d703ed82465402c473be367ae9f193bb3feef8129a17743252220082508ea
src/inspect/lba_middle.rs	src/inspect	保留	Rust AST 模块图可达；含内部测试及平台条件分支；公开符号引用已筛查	f90047fbf5b57cac1d16b45c5721adb01b176564e1531a690bb3fa08c7b85274
src/inspect/mbr_adapter.rs	src/inspect	保留	Rust AST 模块图可达；含内部测试及平台条件分支；公开符号引用已筛查	030f1e8693e47f65e0735622f2353981dd09e57f1a10555224f3b8674868449f
src/inspect/metadata.rs	src/inspect	保留	Rust AST 模块图可达；含内部测试及平台条件分支；公开符号引用已筛查	fa562b01cb168e0be9f12fe35d500abb514206273b4319c028d6eb0a4363e664
src/inspect/model.rs	src/inspect	保留	Rust AST 模块图可达；含内部测试及平台条件分支；公开符号引用已筛查	c14340dd312ce1b8d629b67389973c2db30af54deb54f7f035c1878909465a15
src/inspect/render.rs	src/inspect	移除	移除仅测试使用的旧彩色字段/十六进制渲染器；保留当前 CLI 与 TUI 展示	17c10de6c3c984125a570aa9477240ab1bd5dd62b252523c99014ee1e40ac41d
src/inspect_adapter.rs	src/根入口与门面	更新	移除只供测试的 catalog 模块注册；解码模型保持现行职责	2a3109c96f0468c11e38215cb017a0220f07e295e98a6bdea25011322b686e9a
src/inspect_cli.rs	src/根入口与门面	更新	补充现行请求转换的默认协议范围与显式 LBA 回归；参数层保留空列表哨兵	5d73fad69dc8b1f39dee7d807d6cc67ca8c54bad638551bb956f07e21e932ada
src/inspect_target.rs	src/根入口与门面	保留	Rust AST 模块图可达；含内部测试及平台条件分支；公开符号引用已筛查	efdee5814f08c3a2c47026f022803ebf5d93ef4b5b221b9eca23c6dd1d80218b
src/lib.rs	src/根入口与门面	保留	Rust AST 模块图可达；含内部测试及平台条件分支；公开符号引用已筛查	10d7bb08271b0a3a835060ff7d50490d314d96b1629c21ff7830baf7fa3ef556
src/main.rs	src/根入口与门面	保留	Rust AST 模块图可达；含内部测试及平台条件分支；公开符号引用已筛查	40ef8f3d231dbcf35aac1e889a0026fc11b39096b743e4807186c4f555b46e41
src/media_identity.rs	src/根入口与门面	保留	Rust AST 模块图可达；含内部测试及平台条件分支；公开符号引用已筛查	808515e9bf199295ed75d4caa1ff837c00998440ca30bf9f56daf780cc5b0e58
src/media_identity_observer.rs	src/根入口与门面	保留	Rust AST 模块图可达；含内部测试及平台条件分支；公开符号引用已筛查	6d0cc4eef071048ab1805e9eb06e258f42b25afce2c4fe842f40a7ade3323ec1
src/metainfo.rs	src/根入口与门面	更新	移除 SAFE6 标签解析不使用的语义上下文实参	8d2fc5331cc33634b5170d46ac018f498b92b449b515a3d55238324d0b8c3c79
src/metainfo_cli.rs	src/根入口与门面	保留	Rust AST 模块图可达；含内部测试及平台条件分支；公开符号引用已筛查	694ab10e503b47c7810b08cfe99ab449edd215ec9346f5f4118c87829932e331
src/partition_table.rs	src/根入口与门面	保留	Rust AST 模块图可达；含内部测试及平台条件分支；公开符号引用已筛查	a9acbfe45d7430443893785fd3a314987e02cebecb49a7e488d533ea2a85d3f2
src/partition_transform.rs	src/根入口与门面	保留	Rust AST 模块图可达；含内部测试及平台条件分支；公开符号引用已筛查	c3bba0f9c151a5ca238f34ebc0a4ece8429cb8fcbbff2a2c10bf5666e1e866fc
src/platform/linux.rs	src/platform	保留	Rust AST 模块图可达；含内部测试及平台条件分支；公开符号引用已筛查	28274b3f794bc812581d2ea5c74db1cdab806765395e8571ff017f5d7c499934
src/platform/macos.rs	src/platform	保留	Rust AST 模块图可达；含内部测试及平台条件分支；公开符号引用已筛查	decb54e399636c7aa4c2f4f25a0beda8d162b919c5db68c2d8691cb41b107a6a
src/platform/macos_native.rs	src/platform	保留	Rust AST 模块图可达；含内部测试及平台条件分支；公开符号引用已筛查	5ff2fdc23d955856829e9277bc28319d52ba5f9893cef856f5a32ea4a1ac0fee
src/platform/mod.rs	src/platform	保留	Rust AST 模块图可达；含内部测试及平台条件分支；公开符号引用已筛查	b48247fffdc933d2a9dacc8a8648ec939ec6989fc94952b1c99bc628ccead1aa
src/platform/system.rs	src/platform	保留	Rust AST 模块图可达；含内部测试及平台条件分支；公开符号引用已筛查	984ae4fb5cd9c7fad81b645ac5a1c85b9e40d099970532257ba756bb95db8401
src/platform/test_support.rs	src/platform	保留	Rust AST 模块图可达；含内部测试及平台条件分支；公开符号引用已筛查	875643d058bcb9cbd77c2008da3ebac4ce797f01e8cad585a492403f3a6f34d8
src/platform/unix_support.rs	src/platform	保留	Rust AST 模块图可达；含内部测试及平台条件分支；公开符号引用已筛查	42da1c19ea00d98ff67576594f536542ea1f5488c6c3be1d5f8cf72c365542df
src/platform/windows.rs	src/platform	保留	Rust AST 模块图可达；含内部测试及平台条件分支；公开符号引用已筛查	a84923bb70de2eb38cd4c916f64493212db4f6cc2a565a1db4b7ff0d08e634a1
src/plist.rs	src/根入口与门面	保留	Rust AST 模块图可达；含内部测试及平台条件分支；公开符号引用已筛查	37c5b0dbc2d16cb38cefdecc42fbd564157a74891395515880ff3d572ff81e7f
src/ports.rs	src/根入口与门面	保留	Rust AST 模块图可达；含内部测试及平台条件分支；公开符号引用已筛查	96acb5dbad9a8615ccdbcef5c1c8ee578e687ec49f495fc1402de455d854091e
src/protocol/crypto.rs	src/protocol	更新	修正指向已删除 u32 包装的注释；保留密码学运算和历史盘读取	2ecfaf30aa5ef00f3ea971e64275914d4eba89b777cbdce417d60b305c7a0139
src/protocol/edpf.rs	src/protocol	保留	Rust AST 模块图可达；含内部测试及平台条件分支；公开符号引用已筛查	883637f6ed8f5a86b984592cdedb0d21a665ba059dc9372f21f643c87ce8ec9f
src/protocol/iir.rs	src/protocol	保留	Rust AST 模块图可达；含内部测试及平台条件分支；公开符号引用已筛查	038e50c658842a9c0d4aefb3009745451f98a01e3aeadf111bf620d8998b2f3d
src/protocol/image.rs	src/protocol	保留	Rust AST 模块图可达；含内部测试及平台条件分支；公开符号引用已筛查	0d8c23a3836ea4207f79c610057ad0bb3fa36b14f1ff25023fed06d7e3311e70
src/protocol/layout.rs	src/protocol	保留	Rust AST 模块图可达；含内部测试及平台条件分支；公开符号引用已筛查	93bd08af355b6b9df32b698785d194bee4434c879f234587925d5fb8fcc8be12
src/protocol/lba0.rs	src/protocol	保留	Rust AST 模块图可达；含内部测试及平台条件分支；公开符号引用已筛查	b21b3b2eb6311c33cdc7c01b8c0744698b449ad9b85ff713d22920c85b426866
src/protocol/lba1.rs	src/protocol	保留	Rust AST 模块图可达；含内部测试及平台条件分支；公开符号引用已筛查	3922e3a8108007e39ce8edb7a5fbfdedf303b2015e13eaceca5620cfa7edcc5d
src/protocol/lba10.rs	src/protocol	保留	Rust AST 模块图可达；含内部测试及平台条件分支；公开符号引用已筛查	ccd3ad3231d1dd5486fee577527b34e3611e397dac860f32d31eecd31e514c4c
src/protocol/lba11.rs	src/protocol	保留	Rust AST 模块图可达；含内部测试及平台条件分支；公开符号引用已筛查	4640a32506273816d90f5502482114c207f872e6a66b27f5a61d2fcacf630833
src/protocol/lba12.rs	src/protocol	保留	Rust AST 模块图可达；含内部测试及平台条件分支；公开符号引用已筛查	e9a0424599afc4acf336fd8fb40941732d84d0f02a1a309fafaa768b94f85733
src/protocol/lba2.rs	src/protocol	保留	Rust AST 模块图可达；含内部测试及平台条件分支；公开符号引用已筛查	2be04ca1563de951aa93fb0e2033aa5276cac35fddadce8bc09e05a9cb79f174
src/protocol/lba3.rs	src/protocol	保留	Rust AST 模块图可达；含内部测试及平台条件分支；公开符号引用已筛查	7688d5245b66aee528d4aa13e19e874ae618bd75814bd12312a2d42409527f1e
src/protocol/lba4.rs	src/protocol	保留	Rust AST 模块图可达；含内部测试及平台条件分支；公开符号引用已筛查	89bd1d3125a07796a1f495e517cfbfcfd229164a9dd542b7dff2b4746e51692c
src/protocol/lba5.rs	src/protocol	保留	Rust AST 模块图可达；含内部测试及平台条件分支；公开符号引用已筛查	9b7b14d9ca8c82721f12cc8ea1cc18085ece9211e391eb374bd732b7b96623eb
src/protocol/lba6.rs	src/protocol	保留	Rust AST 模块图可达；含内部测试及平台条件分支；公开符号引用已筛查	08711d7f3ad337ce1ea9f8ebe2052b74f808a8491f0c5fdf97898b75b674b6d6
src/protocol/lba7.rs	src/protocol	保留	Rust AST 模块图可达；含内部测试及平台条件分支；公开符号引用已筛查	017b51c1cffaab67f41112c38541b10b91af0675edc7a897a8a9baace2be20cd
src/protocol/lba7_compat.rs	src/protocol	保留	Rust AST 模块图可达；含内部测试及平台条件分支；公开符号引用已筛查	10feccf30f877a322e358c9211555bbc17114960c3af6b5f841b07eb073fb33b
src/protocol/lba8.rs	src/protocol	保留	Rust AST 模块图可达；含内部测试及平台条件分支；公开符号引用已筛查	948a793eb7df9e98fd353b48392b242fff141ddd08d11e6291baf6aaf2406f8f
src/protocol/lba9.rs	src/protocol	保留	Rust AST 模块图可达；含内部测试及平台条件分支；公开符号引用已筛查	e5144a1a307a8c278937570b6841e1ba659dcc4966f97656bc8bb3c99fd4e455
src/protocol/mod.rs	src/protocol	保留	Rust AST 模块图可达；含内部测试及平台条件分支；公开符号引用已筛查	d9b44502747b806be1e27d8186cd8c69b301e32b54b97a89510598108696d0c4
src/protocol/profile.rs	src/protocol	保留	Rust AST 模块图可达；含内部测试及平台条件分支；公开符号引用已筛查	449906775266df9a78f00486e2d2681d2c8fe734c43f19a7a2ab1e56b72d4c73
src/protocol/profile_detector.rs	src/protocol	保留	Rust AST 模块图可达；含内部测试及平台条件分支；公开符号引用已筛查	1dd76fa96723bf506313897ff6211e0bc4c0d54d03ba7862f0a027d44a41eb98
src/protocol/sectors.rs	src/protocol	保留	Rust AST 模块图可达；含内部测试及平台条件分支；公开符号引用已筛查	a82664929ca4ddc21a2806f017168eced9cb2f86ee0b233465f7855f800acf7b
src/protocol/semantic.rs	src/protocol	保留	Rust AST 模块图可达；含内部测试及平台条件分支；公开符号引用已筛查	62533d1ed94f32f5bdd65dc2bcb73b983f47552311b4396fd1196b09879baccf
src/protocol/types.rs	src/protocol	保留	Rust AST 模块图可达；含内部测试及平台条件分支；公开符号引用已筛查	7a9e69f1eb67b3cb67aff8a15319046eb37530fdcf4ff0b18cabe769d63a4cf3
src/provision/generate.rs	src/provision	更新	删除仅测试使用的旧 Share@63/盘尾固定六扇区生成路径，保留现行官方四模式生成器	1a077cb70c12b96891c3e0cf56a5070044d782b49223b77bd7af33113bd0f8c2
src/provision/key_domain.rs	src/provision	保留	Rust AST 模块图可达；含内部测试及平台条件分支；公开符号引用已筛查	1fb4f72145fc0c29050e7984ea4d7f7493d1cc3ff2c3a2f133310673a65d0834
src/provision/keys.rs	src/provision	保留	Rust AST 模块图可达；含内部测试及平台条件分支；公开符号引用已筛查	78af5325ade28e47617047e5a0de6b8477376525c8942d273f6b3d2be00c9e61
src/provision/layout.rs	src/provision	更新	移除无调用包装及重导出	c4f59b19e8dfdee4ae77e0737e10fa9684d976786722f50cd4c712af546fb068
src/provision/lce.rs	src/provision	保留	Rust AST 模块图可达；含内部测试及平台条件分支；公开符号引用已筛查	a7d3f2a3896d59e1f3831894deb09cec3a059642e89bd26def632ea53d0c3e8c
src/provision/mod.rs	src/provision	更新	移除无调用包装及重导出	4e37a51ddc8482da1c3a5d09992987b95f254cf2c2549d98638bf727e912fbea
src/provision/partition_format.rs	src/provision	保留	Rust AST 模块图可达；含内部测试及平台条件分支；公开符号引用已筛查	e259dd6367ff756d8d5c40ff43b442ab68423ec42e0369cfe84ec1f4da4aca55
src/provision/partition_semantics.rs	src/provision	保留	Rust AST 模块图可达；含内部测试及平台条件分支；公开符号引用已筛查	d572e70213f1da17a7762c5207f84bd91cee7e6b6388091b823afaa6b217a799
src/provision/plain.rs	src/provision	更新	删除无人使用的最高触及 LBA 方法	751a76a6da72e3b549b8ee43536a6cd62d151e656c5b01436bd51d837bb07a60
src/provision/profile.rs	src/provision	更新	移除旧生成器专用固定材料；历史夹具字节仅保留在测试模块	102445c2ca011c050b75ccebc69b0e71e3eacbfc058ed8ba692a9625767cf94a
src/provision/region_mapping.rs	src/provision	保留	Rust AST 模块图可达；含内部测试及平台条件分支；公开符号引用已筛查	bd8dff8236868a22e81575d7476036db00305c1952566bee9324d5accbf5e68f
src/provision/reprovision.rs	src/provision	保留	Rust AST 模块图可达；含内部测试及平台条件分支；公开符号引用已筛查	431602be587cfeb0c095fedb1718a0e7c85dc1b741a7aee58d5e0f35b384304a
src/provision/reprovision/disposition.rs	src/provision	更新	移除仅测试使用的二状态分区判断；使用现行兼容性引擎与区域策略	6807ad2a3e36dbc30c0b5bdeac2bf6f3f887f3cacb0e414eed3f9ceff97d293b
src/provision/reprovision/geometry.rs	src/provision	保留	Rust AST 模块图可达；含内部测试及平台条件分支；公开符号引用已筛查	370fa0d70363a05a7a098db1498a0227c9ffd4eeca8c1314b360c9b58820d4f0
src/provision/reprovision/model.rs	src/provision	保留	Rust AST 模块图可达；含内部测试及平台条件分支；公开符号引用已筛查	abcd2220fa75cd7a25381b9e2c596eee80db510c71223f11ac0e4d99e097e80a
src/provision/reprovision/parsing.rs	src/provision	保留	Rust AST 模块图可达；含内部测试及平台条件分支；公开符号引用已筛查	f972f343e76a176dd7577419dbf2ff7e67c9b6ed1d5110c080102519e6b43c8d
src/provision/reprovision/plan.rs	src/provision	保留	Rust AST 模块图可达；含内部测试及平台条件分支；公开符号引用已筛查	c11042d89bbb62da663a92e3304be5c4f8e0f3b5823209330b89c828ce428c37
src/provision/reprovision/prefill.rs	src/provision	保留	Rust AST 模块图可达；含内部测试及平台条件分支；公开符号引用已筛查	384e4dad4ea6f5c2f4586b6754f3bd47941e744d1e7befae7a0fbf710b1b67a1
src/provision/spec.rs	src/provision	保留	Rust AST 模块图可达；含内部测试及平台条件分支；公开符号引用已筛查	c98ec053af779235c11d98e71d43abf899771ef8500c48bb9f5d50b7727a44f9
src/provision/validate.rs	src/provision	更新	删除旧布局校验器及仅其使用的回调/期望构造器，保留固定长度现行官方校验入口	1cbb056e2b21b43f25c1ea5fd81bc792e64f3c4cec918389299d926e06047acc
src/provision/write_plan.rs	src/provision	更新	删除忽略文件密钥、卷标、序列号的旧写镜像包装，显式使用协议写计划	ce64cbec4eb69a94a1f9e484a7393440721c1d814103a2f7554c1111e990378e
src/selectors.rs	src/根入口与门面	保留	Rust AST 模块图可达；含内部测试及平台条件分支；公开符号引用已筛查	833a2f056272826b4a1ebb001db0bcf8760c6da5e2de82530a22de5fe0937174
src/sha256.rs	src/根入口与门面	保留	Rust AST 模块图可达；含内部测试及平台条件分支；公开符号引用已筛查	8799ab25c5957581c42885ba558e68a4a8bc169b5c0d9ace8b0ac555ad64f1ac
src/text_width.rs	src/根入口与门面	保留	Rust AST 模块图可达；含内部测试及平台条件分支；公开符号引用已筛查	9fe508a0e90ea3365a73b3fb777fc472647b465b9f1c2897ba5a06458efbbe67
src/tui/actions.rs	src/tui	保留	Rust AST 模块图可达；含内部测试及平台条件分支；公开符号引用已筛查	0de1876e49f400dbe7bc2ba484ba592b737cfebbf8f9bbcb67bb29d0c2afc8e9
src/tui/animation.rs	src/tui	保留	Rust AST 模块图可达；含内部测试及平台条件分支；公开符号引用已筛查	c3000cb268150b25a5f9a27f3c59e0d5784e24951a182f1937f0166087bfe34b
src/tui/backup_layout.rs	src/tui	保留	Rust AST 模块图可达；含内部测试及平台条件分支；公开符号引用已筛查	86a7364bc41b16f23df494957ce24cfbf3932057cfd73992a384a8024de2adfd
src/tui/backup_metadata.rs	src/tui	保留	Rust AST 模块图可达；含内部测试及平台条件分支；公开符号引用已筛查	ca1e3ad9656bb72ae8f5f12cce65b1c22e12f21fafac8e79ee9e8832ab7aa93a
src/tui/backups/capacity_render.rs	src/tui	保留	Rust AST 模块图可达；含内部测试及平台条件分支；公开符号引用已筛查	6d71fd858c41c61af1c769bfd4678d0e44500f31552d7a110b5aba5d5b8f1fcd
src/tui/backups/detail_render.rs	src/tui	保留	Rust AST 模块图可达；含内部测试及平台条件分支；公开符号引用已筛查	e7dccec92a3fc1e0346a1a59d52e2ed3c6944a3108e9d0183b1a8293ac91beb1
src/tui/backups/panel_state.rs	src/tui	保留	Rust AST 模块图可达；含内部测试及平台条件分支；公开符号引用已筛查	78c734129435d2c6422acc4d5279dccd4ae5394d1eb69d217990e8f78f42da0f
src/tui/backups/render.rs	src/tui	更新	移除旧入口或模块注册；保留现行职责，消费者与回归同步更新	9baa34fe51e8141c5783c1a416a736513511ba78a4843135fdeedee21944f074
src/tui/backups/state.rs	src/tui	保留	Rust AST 模块图可达；含内部测试及平台条件分支；公开符号引用已筛查	d2e8f3844548ae19fe72ff6dd263f6472711947f93b6bc26f79edf4c895c5bd0
src/tui/backups/task.rs	src/tui	保留	Rust AST 模块图可达；含内部测试及平台条件分支；公开符号引用已筛查	32ae01abd34c62b4fd4538bef40a3b9c84e315edde9e2b51163a830c355dd451
src/tui/backups/view_state.rs	src/tui	保留	Rust AST 模块图可达；含内部测试及平台条件分支；公开符号引用已筛查	a26b34cc61d0b19ac2dfab1cc3980501a9ddfb1c77bd3f6de70ab9b9024efa76
src/tui/clipboard.rs	src/tui	保留	Rust AST 模块图可达；含内部测试及平台条件分支；公开符号引用已筛查	a2f28ba15c16fd8fae2795e936a08f3c4604ba1dc39a97b1610a5df580f42252
src/tui/command.rs	src/tui	保留	Rust AST 模块图可达；含内部测试及平台条件分支；公开符号引用已筛查	515c30080a5aec7f46e61f3991744793d9f04e9248f96976f15b1c05f720d445
src/tui/controller.rs	src/tui	保留	Rust AST 模块图可达；含内部测试及平台条件分支；公开符号引用已筛查	99068809d06dc8d2cafca94c44ea31476bc9a1ffc016d1c4f711aa2920ed2bc1
src/tui/controller/provision.rs	src/tui	保留	Rust AST 模块图可达；含内部测试及平台条件分支；公开符号引用已筛查	7a392ff61b2f676df748ccb366047c40f880bcced77d7efed2643b82d21a3831
src/tui/controller/tests.rs	src/tui	保留	Rust AST 模块图可达；含内部测试及平台条件分支；公开符号引用已筛查	837f5e556a3938e65840e6e3087b123f93f503e57a88ed5ff1158a4368fe0d59
src/tui/demo/fixtures.rs	src/tui	保留	Rust AST 模块图可达；含内部测试及平台条件分支；公开符号引用已筛查	1c4e39b2ea41499010dd306927457d5904c991031e28590b50131d98b5e39bd4
src/tui/demo/mod.rs	src/tui	保留	Rust AST 模块图可达；含内部测试及平台条件分支；公开符号引用已筛查	32d00555835ab959dd9403b0bdb26c945ccb15c2643149508a8b25fbe6acaa51
src/tui/demo/timeline.rs	src/tui	保留	Rust AST 模块图可达；含内部测试及平台条件分支；公开符号引用已筛查	e3a57e9626c2af9c9687700ed864b098640314d43a12fe903dcca13e277a8be7
src/tui/devices/detail_render.rs	src/tui	更新	移除旧入口或模块注册；保留现行职责，消费者与回归同步更新	986f9333c4935f7f639e55219ed419b6cf523cb43a265697e4fad035ce9616d5
src/tui/devices/list_render.rs	src/tui	更新	移除旧入口或模块注册；保留现行职责，消费者与回归同步更新	1f211dceefacf65dc86a4c5339ca96ab5ce30e9e354c2a938f5ee51f35703015
src/tui/devices/presentation.rs	src/tui	更新	移除旧入口或模块注册；保留现行职责，消费者与回归同步更新	e0550203d2abf1530e129fc4eb0ecd9f5536cde9e85b12b972a2d58e095e0978
src/tui/devices/render.rs	src/tui	保留	Rust AST 模块图可达；含内部测试及平台条件分支；公开符号引用已筛查	19c5fb3a09b1bb684f7fb61b577e57c6d8222e56f3da2112e61e6a4562cb59bd
src/tui/devices/state.rs	src/tui	保留	Rust AST 模块图可达；含内部测试及平台条件分支；公开符号引用已筛查	6db832b5c6849bf8f2f4929e00ef071f1c79677c5d8c3eaac33f1e67e345e2f1
src/tui/devices/tree_render.rs	src/tui	保留	Rust AST 模块图可达；含内部测试及平台条件分支；公开符号引用已筛查	e4e4af38be5399038038583f1b720a3e452dd9fa14c2cb2d74df9c49643600aa
src/tui/disk_layout.rs	src/tui	保留	Rust AST 模块图可达；含内部测试及平台条件分支；公开符号引用已筛查	368fce9bfc9aa26a75b65526e713f68a5a818201dac1b509c9ae4c9e39a1b0c0
src/tui/disk_layout/capacity_map.rs	src/tui	保留	Rust AST 模块图可达；含内部测试及平台条件分支；公开符号引用已筛查	1517d901534c1bd19f0fc80fe42aafa25096ad831937d299352fdf4160b6c6bf
src/tui/disk_layout/tests.rs	src/tui	保留	Rust AST 模块图可达；含内部测试及平台条件分支；公开符号引用已筛查	753249b6e7ed422b011d59966119fdc8f6faaf527b94b9e447fd732ebca7c7f7
src/tui/disk_layout_state.rs	src/tui	更新	移除只供测试的区域详情字符串包装；回归使用实际界面详情与选择状态	4888de2f3b1839d119c7d85b1112b250d1a4d97357318d152e01082f9a28df8b
src/tui/disk_region_list.rs	src/tui	保留	Rust AST 模块图可达；含内部测试及平台条件分支；公开符号引用已筛查	9de3e82f28b995d384ccddf630fa19ead72b476e4750366b7975ac4aa51b7d19
src/tui/disk_region_list/render.rs	src/tui	保留	Rust AST 模块图可达；含内部测试及平台条件分支；公开符号引用已筛查	7f65bb1f8b0d983e2f0acfadc4669ce633aa4e01684a05ca8eff08412e975d40
src/tui/disk_region_list/state.rs	src/tui	保留	Rust AST 模块图可达；含内部测试及平台条件分支；公开符号引用已筛查	fb888bba48b98482a20f54a1b56936c7e644be8f2bb1bc47eb1c7cd08028f751
src/tui/disk_region_list/tests.rs	src/tui	保留	Rust AST 模块图可达；含内部测试及平台条件分支；公开符号引用已筛查	b5a4705f162a763d4fed58bbf3f53d307c2a625453c34342cc3fef105f203df0
src/tui/dispatch.rs	src/tui	保留	Rust AST 模块图可达；含内部测试及平台条件分支；公开符号引用已筛查	fe3986ea09e9f2d1ec2698ea7d5d355927b65c97007ac0865f10ec1191062249
src/tui/execution.rs	src/tui	保留	Rust AST 模块图可达；含内部测试及平台条件分支；公开符号引用已筛查	4efbb6837187cdc3c00b8a80320db8f2729060ede86670610698ba576c84eff5
src/tui/help_context.rs	src/tui	保留	Rust AST 模块图可达；含内部测试及平台条件分支；公开符号引用已筛查	79db847a25f57f32c76d9b6b597b1bbcf70b66a77d13074943cd53fea9ee19c8
src/tui/help_overlay.rs	src/tui	保留	Rust AST 模块图可达；含内部测试及平台条件分支；公开符号引用已筛查	1ead3b02b04cd6c95f990493cc239d453c291e49a310ae8ecee0cde2900aa87f
src/tui/help_tests.rs	src/tui	保留	Rust AST 模块图可达；含内部测试及平台条件分支；公开符号引用已筛查	4bc433a16e973a5e9c23059b815bae99f26070a7320618ddbb2ef690c6521122
src/tui/inspect/detail_render.rs	src/tui	保留	Rust AST 模块图可达；含内部测试及平台条件分支；公开符号引用已筛查	60f5f77d2cdd01d7e61d3bd45259e2adb477bdf6ffbbd479e7ec8a33b002b041
src/tui/inspect/detail_state.rs	src/tui	保留	Rust AST 模块图可达；含内部测试及平台条件分支；公开符号引用已筛查	272e59c270501eff097b9c969e9713dffff959428dacc2c9f3699ade11a56959
src/tui/inspect/evidence_table_render.rs	src/tui	保留	Rust AST 模块图可达；含内部测试及平台条件分支；公开符号引用已筛查	fc6fecf50b2ecad6e780e49214973ca10e4658491fdbcc849a35790b698e3359
src/tui/inspect/field_navigation.rs	src/tui	保留	Rust AST 模块图可达；含内部测试及平台条件分支；公开符号引用已筛查	3870e39d82707db0ced81d3aeb5197aed7f1efa85d60a60f0292af06b1659d5d
src/tui/inspect/field_table_render.rs	src/tui	更新	移除旧入口或模块注册；保留现行职责，消费者与回归同步更新	e0370dd83481ccaed035bbea8c1ce3f4279c74a7daaecccbcdd382df8a8867ff
src/tui/inspect/jump_state.rs	src/tui	保留	Rust AST 模块图可达；含内部测试及平台条件分支；公开符号引用已筛查	8fc62a3a5e599afb6b10d7c3dcfbbb42889a4f983c49129b7cea850586a5272c
src/tui/inspect/layout.rs	src/tui	保留	Rust AST 模块图可达；含内部测试及平台条件分支；公开符号引用已筛查	4563e378e5a5850ab7c140303cda57ac75c6458cb841c393761fb234f294df59
src/tui/inspect/lifecycle_state.rs	src/tui	保留	Rust AST 模块图可达；含内部测试及平台条件分支；公开符号引用已筛查	a75e57441bdeeb3640b65f0637217f70af666574d2944efd17e4e19169d021bd
src/tui/inspect/preview_state.rs	src/tui	保留	Rust AST 模块图可达；含内部测试及平台条件分支；公开符号引用已筛查	45fcedf93bd007c3e28f1a86188a59730c718742e55abe3cac9d975757d5fcbb
src/tui/inspect/render.rs	src/tui	保留	Rust AST 模块图可达；含内部测试及平台条件分支；公开符号引用已筛查	6a0dd237bafa6adfd6a6deb58e3a471bf56818795582d8775bb1a1336a040ef9
src/tui/inspect/render_helpers.rs	src/tui	保留	Rust AST 模块图可达；含内部测试及平台条件分支；公开符号引用已筛查	ca7802fbfc43bc654e7dc06fd687a7d4c966739567180a1a4ada8bafa2bfeaa0
src/tui/inspect/search_state.rs	src/tui	保留	Rust AST 模块图可达；含内部测试及平台条件分支；公开符号引用已筛查	eaa95e72a73bbc537cd20cc07adf898190f9eced2840cd86aca84ec51ec50ad1
src/tui/inspect/sector_render.rs	src/tui	保留	Rust AST 模块图可达；含内部测试及平台条件分支；公开符号引用已筛查	5ea97f32146440c067dec02340cc5642b7676ba5f6ef65e94baabb563e100bda
src/tui/inspect/sector_render_tests.rs	src/tui	保留	Rust AST 模块图可达；含内部测试及平台条件分支；公开符号引用已筛查	eb256ec44b17a398f4166521fcb952a6df8402fd535cf453b8c34873fb824181
src/tui/inspect/sector_state.rs	src/tui	保留	Rust AST 模块图可达；含内部测试及平台条件分支；公开符号引用已筛查	f3c19c18d7b5fdbe8d3a6c413aae0e837ce0cd89008b5e46b24e697b79826017
src/tui/inspect/state.rs	src/tui	保留	Rust AST 模块图可达；含内部测试及平台条件分支；公开符号引用已筛查	b2d6e85e1c6bb2286e7c7958116790ce2a80ac4ab44e7d0056102a8ce4a7f56a
src/tui/inspect/task.rs	src/tui	保留	Rust AST 模块图可达；含内部测试及平台条件分支；公开符号引用已筛查	dc215410ca3e7ebcb54930ecc7bc24e16b039fe9038d767245abeb38e296780a
src/tui/inspect/tree_render.rs	src/tui	保留	Rust AST 模块图可达；含内部测试及平台条件分支；公开符号引用已筛查	2fee352fa35cb117613237854157ca6766bf37c7dc6630ca81fa142419376e82
src/tui/inspect/tree_state.rs	src/tui	保留	Rust AST 模块图可达；含内部测试及平台条件分支；公开符号引用已筛查	fee675cd99a03a3d160923aeb46cc7f46a0f51cdc91ca16b4e29033f24f601e3
src/tui/keymap.rs	src/tui	保留	Rust AST 模块图可达；含内部测试及平台条件分支；公开符号引用已筛查	617826bc6df8f35af2942a4d23fbbf94c48912c5d9a3abb0becb3aa1592a93d3
src/tui/keymap/help.rs	src/tui	保留	Rust AST 模块图可达；含内部测试及平台条件分支；公开符号引用已筛查	ee323f6068235a06d1bb08f638ba6b4c2c890d17588022f37f5be623718e23cd
src/tui/keymap/help_workflows.rs	src/tui	保留	Rust AST 模块图可达；含内部测试及平台条件分支；公开符号引用已筛查	1d8103f97577b7ae5c894b97c9240602dd5afc61d512fb98a85d8f32cd90b5bc
src/tui/mod.rs	src/tui	保留	Rust AST 模块图可达；含内部测试及平台条件分支；公开符号引用已筛查	5b786500ee7e83f578c6980fed79d5767223d3a9fc879f1ef3ac7fc000c5a4e9
src/tui/navigation.rs	src/tui	保留	Rust AST 模块图可达；含内部测试及平台条件分支；公开符号引用已筛查	6fbf983179779efd78fcc6e7a00db55317ad0a21970ce28ec5dd4786633a518f
src/tui/navigation_state.rs	src/tui	更新	移除旧入口或模块注册；保留现行职责，消费者与回归同步更新	2fa97c79ebeebc21f83bd2c284a4a89a5daa039b6c9343848e11f01c5f3eb9a8
src/tui/notice_overlay.rs	src/tui	保留	Rust AST 模块图可达；含内部测试及平台条件分支；公开符号引用已筛查	49c0bedd29d914c9cd2767a7f1988e11685fc86e3ebcc2af42eb89b3d3f0371e
src/tui/notice_tests.rs	src/tui	保留	Rust AST 模块图可达；含内部测试及平台条件分支；公开符号引用已筛查	66e09306a53a5a1298350b4778a1028726ff1c6a260b4f428671319485c3d6ae
src/tui/operation_progress_compact.rs	src/tui	保留	Rust AST 模块图可达；含内部测试及平台条件分支；公开符号引用已筛查	7364ab299833fb7d6d7ee3118f58dad3b14de2874ca9df80f60890b07ca25da0
src/tui/operation_progress_render.rs	src/tui	保留	Rust AST 模块图可达；含内部测试及平台条件分支；公开符号引用已筛查	0f905981d47c57f57fc85ee9f9f4640f60c0611a8a383e1ba8b4162535e3db51
src/tui/operation_progress_status.rs	src/tui	保留	Rust AST 模块图可达；含内部测试及平台条件分支；公开符号引用已筛查	8d8be03439aab2f0ee319a90d7a4cd82075b6153f511ac7cbfc2692a295f19e8
src/tui/overview.rs	src/tui	保留	Rust AST 模块图可达；含内部测试及平台条件分支；公开符号引用已筛查	f45455f10b8c15877ff71e4187b753eddc8303eb8d3b4ca47ebcb6ab7a549d81
src/tui/pane.rs	src/tui	保留	Rust AST 模块图可达；含内部测试及平台条件分支；公开符号引用已筛查	f2a43f099e2deb62c01b643d4000e30c87f05170d42b77c6a4c9ff1a8277ceb9
src/tui/post_restore_progress_state.rs	src/tui	保留	Rust AST 模块图可达；含内部测试及平台条件分支；公开符号引用已筛查	95e02ce852611dd5373746687f5088eaee91c7f5649467e37e0a0e77a3ad2b64
src/tui/progress_transport.rs	src/tui	保留	Rust AST 模块图可达；含内部测试及平台条件分支；公开符号引用已筛查	6dddfdfb28388561930bc098fe81c27f22af50406a02c073431b0460ad64aa80
src/tui/provision/advanced_identity.rs	src/tui	保留	Rust AST 模块图可达；含内部测试及平台条件分支；公开符号引用已筛查	59007124282fe77294032a1d674f66ada8b9c0ce04426a4c6128336f405ab7d2
src/tui/provision/confirmation_render.rs	src/tui	保留	Rust AST 模块图可达；含内部测试及平台条件分支；公开符号引用已筛查	c63076a37500f65c087711e17c1d96fb0f2064a4b5a42b436e2e2958900c829e
src/tui/provision/editor.rs	src/tui	保留	Rust AST 模块图可达；含内部测试及平台条件分支；公开符号引用已筛查	5855eaf10d7aa6f83d64534eb9e494fed2857cfbff7e0ca20e15343b48c8146d
src/tui/provision/execution_state.rs	src/tui	保留	Rust AST 模块图可达；含内部测试及平台条件分支；公开符号引用已筛查	ae5bfce1c41fe99157dffcf128b303b108baa873f966aa40c4e3675a3780ac7e
src/tui/provision/field_input.rs	src/tui	保留	Rust AST 模块图可达；含内部测试及平台条件分支；公开符号引用已筛查	9228b086db67f2e2fcdc7183402550973e43df751f522572cb11526a5c0ebaac
src/tui/provision/field_layout.rs	src/tui	保留	Rust AST 模块图可达；含内部测试及平台条件分支；公开符号引用已筛查	3d05166fa01f2502c22e6edd5ec9c162daade68c2f859dfa7e67ee0062285975
src/tui/provision/field_model.rs	src/tui	保留	Rust AST 模块图可达；含内部测试及平台条件分支；公开符号引用已筛查	b47f4bde0827d3b75881cb224d94e0157c6d0da59fb686c6b71f7606463a2d6f
src/tui/provision/field_presentation.rs	src/tui	保留	Rust AST 模块图可达；含内部测试及平台条件分支；公开符号引用已筛查	a8c0b4492100e29899e9834e7ad55111df15c733a8f3d96035574f580cd6c3cd
src/tui/provision/fields.rs	src/tui	更新	删除已废弃的密码验证描述参数及18处无效布尔实参；不改变当前字段能力	674efbccbe7cf098be0acc6b2ea21f3ba55dfc21e9da2e0e638db7f086b1eda1
src/tui/provision/fields_access.rs	src/tui	保留	Rust AST 模块图可达；含内部测试及平台条件分支；公开符号引用已筛查	331e5d28c524e5ba0032598b1440323e72ae44600e53bcabec53c7c6051370d7
src/tui/provision/form.rs	src/tui	保留	Rust AST 模块图可达；含内部测试及平台条件分支；公开符号引用已筛查	d27360b8f4c218b31a52c759c6c154968be95f2a854dbcbda387e587a6252183
src/tui/provision/form_entry.rs	src/tui	保留	Rust AST 模块图可达；含内部测试及平台条件分支；公开符号引用已筛查	3da3a4f99ff33bc749716c646588d37b5f00706c0a3d614cc925b5e2f2d816eb
src/tui/provision/form_render.rs	src/tui	保留	Rust AST 模块图可达；含内部测试及平台条件分支；公开符号引用已筛查	7ef8cc651b1cd36ed033868e9e5110e89fe89136a782085a40cdb6c21ff5c5e6
src/tui/provision/form_special_rows.rs	src/tui	保留	Rust AST 模块图可达；含内部测试及平台条件分支；公开符号引用已筛查	20c7cea96be85c84d7bfd3a84444c3aaace986169317457fb376c488192fab83
src/tui/provision/insert_mode.rs	src/tui	保留	Rust AST 模块图可达；含内部测试及平台条件分支；公开符号引用已筛查	fa4850f271037555c2429f48321c86484d95fd69754a9e30cdc89a4fb75bb6bb
src/tui/provision/key_domains.rs	src/tui	保留	Rust AST 模块图可达；含内部测试及平台条件分支；公开符号引用已筛查	d94081097a89b331f7bc136d53737d0358a0b7afa95fb9f50e8dad206c306abe
src/tui/provision/layout.rs	src/tui	更新	移除旧文本布局预览、编辑器与条形包装；有效回归迁到现行区域模型与详情列表	505c25341430bb8141c8f55f26f09d7afe17fc7b7963c14844d2b0fde2647a2b
src/tui/provision/layout_presentation.rs	src/tui	保留	Rust AST 模块图可达；含内部测试及平台条件分支；公开符号引用已筛查	2b55db478938d4e1b75d0367ed20b0dc5b98286787af35406f566831b583beb4
src/tui/provision/lba8_identity_field.rs	src/tui	保留	Rust AST 模块图可达；含内部测试及平台条件分支；公开符号引用已筛查	5c44cb8682f3974d5a2704bce21bd564abc5e2886eaebe4e8f968c7c019cc1e7
src/tui/provision/mode2_geometry_note.rs	src/tui	保留	Rust AST 模块图可达；含内部测试及平台条件分支；公开符号引用已筛查	be05db696b761ccb38f4f6a811df50c9990ea1830cd7e050504519b8fdccc739
src/tui/provision/navigation_model.rs	src/tui	保留	Rust AST 模块图可达；含内部测试及平台条件分支；公开符号引用已筛查	9948cff60c93831b7ac95d17f672b9a24f0837b965da8b1424447af1a3c936ea
src/tui/provision/option_editor.rs	src/tui	更新	删除旧强制改密专用包装；回归使用实际选中字段的切换入口	79c7bebb417de6e7f9c7b106fd15384f881a1d8462bb8086fed54c9a224aba9a
src/tui/provision/pane.rs	src/tui	保留	Rust AST 模块图可达；含内部测试及平台条件分支；公开符号引用已筛查	47b1b0a712f13226deb46776e9c9b75a02fe06e81ad463be69ba67c946d2cb3b
src/tui/provision/password_model.rs	src/tui	保留	Rust AST 模块图可达；含内部测试及平台条件分支；公开符号引用已筛查	74f7bded9c73302492d772d5f74227bef56e2478ad3dc7f9e839b000d7dc4e0b
src/tui/provision/password_target_state.rs	src/tui	保留	Rust AST 模块图可达；含内部测试及平台条件分支；公开符号引用已筛查	3532f493730b6dfc39c568691114da358ee1b3b7e71f559dba9a4f1be4f7de94
src/tui/provision/password_verification.rs	src/tui	保留	Rust AST 模块图可达；含内部测试及平台条件分支；公开符号引用已筛查	3d772db5608c0b91b730f1c82e85144477314260598fb8d719a73ef395053b89
src/tui/provision/plain_editor.rs	src/tui	保留	Rust AST 模块图可达；含内部测试及平台条件分支；公开符号引用已筛查	66a9c83fddf43013fc3307ce834ba8f53410b6cc6dbfdde43a6abc301037b843
src/tui/provision/plan_completion.rs	src/tui	保留	Rust AST 模块图可达；含内部测试及平台条件分支；公开符号引用已筛查	8797e5ebb2b480a6a6eb5384f4b77028b804f9cd251406619f334fe221872e04
src/tui/provision/preflight.rs	src/tui	保留	Rust AST 模块图可达；含内部测试及平台条件分支；公开符号引用已筛查	f6c9511392729b98575b20bce30824c5cb0c9c9376c92b84d48cc99a9b0e1627
src/tui/provision/preflight_tests.rs	src/tui	保留	Rust AST 模块图可达；含内部测试及平台条件分支；公开符号引用已筛查	0bbf966fde6abd43fd953008cb2b17e04fdf0ce8867c668cf585372c48b9f33b
src/tui/provision/render.rs	src/tui	保留	Rust AST 模块图可达；含内部测试及平台条件分支；公开符号引用已筛查	ce21ecdcb7f7a1f77f26f559e2404aa27f888758bff247f314c2562f54653664
src/tui/provision/result_geometry.rs	src/tui	保留	Rust AST 模块图可达；含内部测试及平台条件分支；公开符号引用已筛查	e66b9fb441f603952e7195b5a7645cc5364b9b29557e95c3127ed5ee1585e0c9
src/tui/provision/result_interaction.rs	src/tui	保留	Rust AST 模块图可达；含内部测试及平台条件分支；公开符号引用已筛查	4e69f329bef2460a798821f11854b47273d07fe3a66d9fa6fe7b351407c047da
src/tui/provision/result_model.rs	src/tui	保留	Rust AST 模块图可达；含内部测试及平台条件分支；公开符号引用已筛查	7d4341370a98ff1858c700163b82e6ede8cdfbd2b58cd30419cae2dc0ff7d365
src/tui/provision/result_partition_layout.rs	src/tui	保留	Rust AST 模块图可达；含内部测试及平台条件分支；公开符号引用已筛查	5eb91480277b672dbf363553f573e8e08891b582db77ac8d923d9e1b8b2ab266
src/tui/provision/result_presentation.rs	src/tui	保留	Rust AST 模块图可达；含内部测试及平台条件分支；公开符号引用已筛查	2e0f7812cd568096596a17f31203487de285d996df66745f99a8cae97022b5db
src/tui/provision/result_render.rs	src/tui	保留	Rust AST 模块图可达；含内部测试及平台条件分支；公开符号引用已筛查	919e3c8ce29c31e9af0b2667826a40201e5c4485015dee8a92a2399c3cf2360e
src/tui/provision/review.rs	src/tui	保留	Rust AST 模块图可达；含内部测试及平台条件分支；公开符号引用已筛查	ab6f4e4f77164caef92cab687f7024c7c58045d092048e181dab4c0d99ee3519
src/tui/provision/review_layout_render.rs	src/tui	保留	Rust AST 模块图可达；含内部测试及平台条件分支；公开符号引用已筛查	84649a4633495f521451bbeea75083663676da082cd6c2afbfb48eadbbb4a0a2
src/tui/provision/review_plan_render.rs	src/tui	保留	Rust AST 模块图可达；含内部测试及平台条件分支；公开符号引用已筛查	bf35b3d0b102273853464e963e85759ef993cfd9888d8526769ff4cf4032dcd1
src/tui/provision/review_region_projection.rs	src/tui	保留	Rust AST 模块图可达；含内部测试及平台条件分支；公开符号引用已筛查	8efc5df2866b883cf789169a3844cb369ede6f6124e47606eb4583dc40fe6b87
src/tui/provision/review_render.rs	src/tui	保留	Rust AST 模块图可达；含内部测试及平台条件分支；公开符号引用已筛查	6163ac9517bea69ca0698b6784f5c7bce2bd64ae72d164754ea3a0e4d2df4075
src/tui/provision/review_render_style.rs	src/tui	保留	Rust AST 模块图可达；含内部测试及平台条件分支；公开符号引用已筛查	0841bb2ac1268976fa8f65d21b81cfd7d53241285f925110991a3e659e96a1c9
src/tui/provision/review_summary_render.rs	src/tui	保留	Rust AST 模块图可达；含内部测试及平台条件分支；公开符号引用已筛查	99d0b53cd5cf55f614c630dc86f681775d27aec68062bbdf59527e4578930aa0
src/tui/provision/review_target_render.rs	src/tui	保留	Rust AST 模块图可达；含内部测试及平台条件分支；公开符号引用已筛查	cdc8533312f78d3f7a8e766af88b198a35a7cfa88687536adf2e004e6551c7ef
src/tui/provision/run.rs	src/tui	保留	Rust AST 模块图可达；含内部测试及平台条件分支；公开符号引用已筛查	6961873e05470516a36e5622704a8854b03e5fc0d6126d368f82b14b7f50832a
src/tui/provision/runtime_updates.rs	src/tui	保留	Rust AST 模块图可达；含内部测试及平台条件分支；公开符号引用已筛查	96c90cb7c2383d72ee5a87aec97b36c4acd623b5f40402ba4b667e7378140359
src/tui/provision/scheme_picker_render.rs	src/tui	保留	Rust AST 模块图可达；含内部测试及平台条件分支；公开符号引用已筛查	2f513bc79c05b1a7405f368782f8a2802edfe5ba2a5951b365d04378430a6445
src/tui/provision/scheme_picker_state.rs	src/tui	保留	Rust AST 模块图可达；含内部测试及平台条件分支；公开符号引用已筛查	c68566da9f30d07d90e51d8b7b0329bfd3fd42dabb49fb4918aca27b49775d38
src/tui/provision/source_password_state.rs	src/tui	保留	Rust AST 模块图可达；含内部测试及平台条件分支；公开符号引用已筛查	ece9cb86a515d8a8516c896949fbb70fa0eb9a822196658dd72529418b60db6b
src/tui/provision/state.rs	src/tui	保留	Rust AST 模块图可达；含内部测试及平台条件分支；公开符号引用已筛查	3011a7647a710be007e0c88430d263b45210a678b8aff47ccb825dd6acdbd273
src/tui/provision/task.rs	src/tui	保留	Rust AST 模块图可达；含内部测试及平台条件分支；公开符号引用已筛查	59342c9d0b8e22a235e1bf6dcc556fa187418e7dc1088e3d230691a55ccd0f6f
src/tui/provision/task_model.rs	src/tui	保留	Rust AST 模块图可达；含内部测试及平台条件分支；公开符号引用已筛查	008117f2ece575aae2099213fe77d5816d7b904b24b5c538d6d5f1291abaaf5c
src/tui/provision/task_updates.rs	src/tui	保留	Rust AST 模块图可达；含内部测试及平台条件分支；公开符号引用已筛查	1aec24d5148c2b85643219d644f8c10eb1ca8df210107cc1bc96ba65b360037d
src/tui/provision/transitions.rs	src/tui	保留	Rust AST 模块图可达；含内部测试及平台条件分支；公开符号引用已筛查	9ff4f2385830803ed5f55630d18c4895b50826a5badbc924d063871267774510
src/tui/provision/validation.rs	src/tui	保留	Rust AST 模块图可达；含内部测试及平台条件分支；公开符号引用已筛查	3d8562eba9df339bf142e4d443b7ccc7ede43e9bfe18bed45d26db981d8f3c78
src/tui/render.rs	src/tui	保留	Rust AST 模块图可达；含内部测试及平台条件分支；公开符号引用已筛查	35c73177dc20d3ea5ed1b97b85d19017b46b2cd4d0648c3f518b8c657e3b0974
src/tui/restore/lifecycle.rs	src/tui	保留	Rust AST 模块图可达；含内部测试及平台条件分支；公开符号引用已筛查	4a604c19cade205f48df39bb791bb26adae507b858bdfe89e43c4297508830ef
src/tui/restore/state.rs	src/tui	保留	Rust AST 模块图可达；含内部测试及平台条件分支；公开符号引用已筛查	24bd2ca4c7583da286a7c48c75b22ea0e9b06c7955199caad3897ca7cf1f54d7
src/tui/restore_completion_state.rs	src/tui	保留	Rust AST 模块图可达；含内部测试及平台条件分支；公开符号引用已筛查	2f52ed7e82bf086de51a114dd85277b7c77b48fff0e31b6fc6ec03da0e36fed9
src/tui/restore_confirmation_render.rs	src/tui	保留	Rust AST 模块图可达；含内部测试及平台条件分支；公开符号引用已筛查	42151c9bde2a0169779c88de974d062fb45680f22d7fc21af4ba20b932ca6576
src/tui/restore_followup_state.rs	src/tui	保留	Rust AST 模块图可达；含内部测试及平台条件分支；公开符号引用已筛查	b593e24ca637c088ed5ea3ad8b23a1e0f352696fa366c2a4a305c1bb01ba0efb
src/tui/restore_result_partition_layout.rs	src/tui	保留	Rust AST 模块图可达；含内部测试及平台条件分支；公开符号引用已筛查	3344e7a62d69c7e1e7dc48524a054d1ab42aa160d6abd036c42a26c5ad0a4056
src/tui/restore_result_render.rs	src/tui	保留	Rust AST 模块图可达；含内部测试及平台条件分支；公开符号引用已筛查	df5239a9ea7f4ffff4456b56b4cd4adc0672c99730ad6d804308b400bfdaf045
src/tui/restore_result_state.rs	src/tui	保留	Rust AST 模块图可达；含内部测试及平台条件分支；公开符号引用已筛查	f685d68e4bc71aac8fb2a11d906a3319286a58eaed18b16f0703fcaab022551e
src/tui/restore_result_verification.rs	src/tui	保留	Rust AST 模块图可达；含内部测试及平台条件分支；公开符号引用已筛查	f882c4e9f15f7b22addde56d79803d21ab90f4dcc9670afffc688ca4d893e47e
src/tui/result_partition_detail.rs	src/tui	保留	Rust AST 模块图可达；含内部测试及平台条件分支；公开符号引用已筛查	45c62b753791abf9323d033a5d451e19c12ba916558c1a5bdfa2e5434b2499dd
src/tui/result_partition_table_state.rs	src/tui	保留	Rust AST 模块图可达；含内部测试及平台条件分支；公开符号引用已筛查	4a620bce8b38079d4e05960152556709049905169e6f0d2769b167eeb50722ef
src/tui/result_workbench.rs	src/tui	保留	Rust AST 模块图可达；含内部测试及平台条件分支；公开符号引用已筛查	841f6a6df53be3176f8f0de27861ec11919e8a709cea01d56c59a388ab9f812b
src/tui/resume.rs	src/tui	保留	Rust AST 模块图可达；含内部测试及平台条件分支；公开符号引用已筛查	75d0d26a1234596d3f12a024468650f6e76b063212d7c45b0b6858d88b25825e
src/tui/runtime_input.rs	src/tui	保留	Rust AST 模块图可达；含内部测试及平台条件分支；公开符号引用已筛查	2019f03fe589408ffcda0f74fc745c32afdddacf7990128ec3f02f0e28b045e6
src/tui/runtime_input/backup_batch.rs	src/tui	保留	Rust AST 模块图可达；含内部测试及平台条件分支；公开符号引用已筛查	c6ae519f95d5d6ec5b188d465cb12ffc213ff4b76c3902b7638993a1f0ace530
src/tui/runtime_input/backup_prune.rs	src/tui	保留	Rust AST 模块图可达；含内部测试及平台条件分支；公开符号引用已筛查	b7322b7535f7eeffd35de1a155a1ecdfdf3e5425b62a23213d13e42ad625ad3c
src/tui/runtime_input/backup_wizard.rs	src/tui	保留	Rust AST 模块图可达；含内部测试及平台条件分支；公开符号引用已筛查	f6b63cc52b148b18f9e3ed0010bd511eec06cf07e021bf1c29e5023dd7ec5d4e
src/tui/runtime_input/inspect.rs	src/tui	保留	Rust AST 模块图可达；含内部测试及平台条件分支；公开符号引用已筛查	5ee8b42620773aada8b87dd14b596fe7fc5a27b2d652d15f2f21a79f9b9f2791
src/tui/runtime_input/post_restore_wizard.rs	src/tui	保留	Rust AST 模块图可达；含内部测试及平台条件分支；公开符号引用已筛查	4b334e5ffd22578f33483b82357b92f520fb4c9d1ddf8b4dee3b23694e2a68f4
src/tui/runtime_input/provision.rs	src/tui	保留	Rust AST 模块图可达；含内部测试及平台条件分支；公开符号引用已筛查	525a442b3580722d07c5deaafb851bd96ba378c4da99a0c031974638213807f8
src/tui/runtime_input/shell.rs	src/tui	保留	Rust AST 模块图可达；含内部测试及平台条件分支；公开符号引用已筛查	f62e036dbcf23dca25b4fff88d4233eead02fb8fda654a31a44611fc85963c5f
src/tui/runtime_updates.rs	src/tui	保留	Rust AST 模块图可达；含内部测试及平台条件分支；公开符号引用已筛查	af18e2cb3efced297179e790dbec3c1b3bc4a16b4edfe585eedea6f56917020b
src/tui/shell/mod.rs	src/tui	保留	Rust AST 模块图可达；含内部测试及平台条件分支；公开符号引用已筛查	b96e3574be9ea6f6318f7809716e19a9dca4aaf4bf162a2c9771c469176a1a65
src/tui/shell/notice_state.rs	src/tui	保留	Rust AST 模块图可达；含内部测试及平台条件分支；公开符号引用已筛查	50de471665079c6b639256d7f17db0d4df7ea82a8809fad29d10068bc67b14c2
src/tui/shell/state.rs	src/tui	保留	Rust AST 模块图可达；含内部测试及平台条件分支；公开符号引用已筛查	1de3a93fb95c1cae80f4361f4de791389c7e9fea8cd00b6f0ba7001dd9d8b6e1
src/tui/state.rs	src/tui	保留	Rust AST 模块图可达；含内部测试及平台条件分支；公开符号引用已筛查	e408cbeafbcdc5b0d71eb88c26cdf5ef4467fb74f4e8fdf49d4dde79aad594ba
src/tui/status.rs	src/tui	保留	Rust AST 模块图可达；含内部测试及平台条件分支；公开符号引用已筛查	d16462e49b33ae8a87528e032cf62d1f2d1bca81dfa4967420a3313ed621f32a
src/tui/table/projection.rs	src/tui	保留	Rust AST 模块图可达；含内部测试及平台条件分支；公开符号引用已筛查	5e72e5322b53d471af58bf503a5e961b007a898094e4a326260f79e0dcec72da
src/tui/table/schema.rs	src/tui	保留	Rust AST 模块图可达；含内部测试及平台条件分支；公开符号引用已筛查	376c4b01f2a61bf6697e262ba34bfaff8713598bb2a4797bd2da5b4fe2f047ad
src/tui/table_dispatch.rs	src/tui	保留	Rust AST 模块图可达；含内部测试及平台条件分支；公开符号引用已筛查	f545e81d0762a14cba846dd584dead36dab4b1af95a403ae1e0ea130a2add880
src/tui/table_layout.rs	src/tui	更新	删除无人使用的投影与旧排序包装，移除位置提示/偏移/可见性算法无效参数	686b13e98f3490ee2e360aca953c6ec2b0395c4add522718f3ced488a6b4cd96
src/tui/table_state.rs	src/tui	更新	删除绕过当前视口算法的旧列移动/滚动包装；更新当前可见性调用	221a22baccc7547a569a0ce80ca470d8d7f3efe9131e0b40780f01989a18386b
src/tui/task.rs	src/tui	保留	Rust AST 模块图可达；含内部测试及平台条件分支；公开符号引用已筛查	5e1da3463f56c3627569d4543ad59aa162a61afc2b333a0a7444ac7e22d5ef32
src/tui/task_gate.rs	src/tui	保留	Rust AST 模块图可达；含内部测试及平台条件分支；公开符号引用已筛查	9b880240c3a517eef3d5e0587b429427ca0899281bd3355680aeb9e440ca5839
src/tui/task_progress.rs	src/tui	保留	Rust AST 模块图可达；含内部测试及平台条件分支；公开符号引用已筛查	ce3a990c0924f904394c1390d863127db5bbb6d711b6aaf6632991354351cc63
src/tui/task_tests.rs	src/tui	保留	Rust AST 模块图可达；含内部测试及平台条件分支；公开符号引用已筛查	9e9c90dead47163eeff12e0625d3eeade4411fbbfada9fea47d59dc63665db47
src/tui/theme.rs	src/tui	保留	Rust AST 模块图可达；含内部测试及平台条件分支；公开符号引用已筛查	6253a9cd1cf5b5f488ad01be9dcdd6207fe49e76b1e91996a3cc513c99816980
src/tui/ui/badge.rs	src/tui	保留	Rust AST 模块图可达；含内部测试及平台条件分支；公开符号引用已筛查	80a652c77e5666526a6908f7c7441becb153a7db1e20bed4a086491aaf483f7d
src/tui/ui/banner.rs	src/tui	移除	移除未进入实际界面的旧横幅原语及孤立演示断言	0da9be63ff3ba41b9b734112d8bb4da5eb19ebc51dd7ed98ef16ecf3bd208953
src/tui/ui/card.rs	src/tui	保留	Rust AST 模块图可达；含内部测试及平台条件分支；公开符号引用已筛查	cee15cd8ee9ababa129da4f212afb3fbc0683867a701b8b5f085fb248287abd1
src/tui/ui/confirmation.rs	src/tui	保留	Rust AST 模块图可达；含内部测试及平台条件分支；公开符号引用已筛查	e88371559ca2e5b3aad7b6876411ff248ea3168471a89f87391abb4f484b0fb6
src/tui/ui/message.rs	src/tui	保留	Rust AST 模块图可达；含内部测试及平台条件分支；公开符号引用已筛查	53a8b6ac34e5473a28570ab5527fa935b8da49ebfb55ff08588ac2cf51ea7545
src/tui/ui/mod.rs	src/tui	更新	移除旧入口或模块注册；保留现行职责，消费者与回归同步更新	31e2b3eafc83e49ac3ba53a760911d58d4a212cdb805af13a28ac5d1636d4942
src/tui/ui/modal.rs	src/tui	保留	Rust AST 模块图可达；含内部测试及平台条件分支；公开符号引用已筛查	f08ca488bfec83386d0ffce312d84c41516fc9d7149d17334501b03d2852a95c
src/tui/ui/operation_result.rs	src/tui	保留	Rust AST 模块图可达；含内部测试及平台条件分支；公开符号引用已筛查	b78e4afc42b4a4fe94611d3b61969c08d0d275cecb3e09988b5d775a3b399d7a
src/tui/ui/panel.rs	src/tui	保留	Rust AST 模块图可达；含内部测试及平台条件分支；公开符号引用已筛查	899a47f494ab9d90bd635767520564598159e6244bcccff44982ecee2055c2f2
src/tui/ui/responsive.rs	src/tui	保留	Rust AST 模块图可达；含内部测试及平台条件分支；公开符号引用已筛查	7efc9badd13c3f76f775eab5eac00693d3d881a367480423cf7cbd44e301adaa
src/tui/ui/result_supplement.rs	src/tui	保留	Rust AST 模块图可达；含内部测试及平台条件分支；公开符号引用已筛查	93e6bfe9111d72580a297e3f04098c5824d8be9c1b8934bf4b4c4e17cdd356b1
src/tui/ui/result_table.rs	src/tui	保留	Rust AST 模块图可达；含内部测试及平台条件分支；公开符号引用已筛查	e31c4d68fe91379d5a0ce29bfc5bd324ca1eee88d4c3aa30141b7ec17ae0405f
src/tui/ui/table.rs	src/tui	保留	Rust AST 模块图可达；含内部测试及平台条件分支；公开符号引用已筛查	98d7474ebc9d66c4c17d8a93974f14935af596decb8fc64455095882b02a8c3e
src/tui/ui/text.rs	src/tui	保留	Rust AST 模块图可达；含内部测试及平台条件分支；公开符号引用已筛查	78dc32885b638a3af2b422181958bb189913a91570cb9a7f7ec6572f7249e519
src/tui/ui/workspace_overview.rs	src/tui	保留	Rust AST 模块图可达；含内部测试及平台条件分支；公开符号引用已筛查	8bde1f8822026f7f58c48fed66af92540447295295a0fd599a5e1081de38ce15
src/tui/wizard_result_render.rs	src/tui	保留	Rust AST 模块图可达；含内部测试及平台条件分支；公开符号引用已筛查	24e8c7f0ba6cee5fe146b73e02ea2902d2ff560a1381a350c08d582a60789eda
src/tui/workspace_layout.rs	src/tui	保留	Rust AST 模块图可达；含内部测试及平台条件分支；公开符号引用已筛查	4143ebec455611f9e2e8a60dc6be8f17be133e64af34f08161d999304683c931
src/tui/write_task.rs	src/tui	保留	Rust AST 模块图可达；含内部测试及平台条件分支；公开符号引用已筛查	16147a6697d60e0ad8add5dd7168b02f80cf7281fc9e78c88765a6db0e5d77b9
src/ui.rs	src/根入口与门面	保留	Rust AST 模块图可达；含内部测试及平台条件分支；公开符号引用已筛查	5b41f52dffdf6e82690a18a781b99a0eb47c944202a702936abc450b482ac003
tests/architecture_dependencies.rs	tests	更新	增加所有 cfg 分支的生产源码注册检查，避免遗漏游离源码	302a01d66514229244c1009a6da60bf717bb2021ef4669b4b1dd5e87b4c4f596
tests/architecture_split.rs	tests	更新	将旧校验回调实现断言改为固定长度 ProvisionImage 安全边界契约	dedac0531c737dd9cdd6069d31453c71cc2b4a8572c4e390e83aa42b7232ca28
tests/atomic_write.rs	tests	保留	已接入 Cargo 测试或示例入口及 path 模块图；覆盖当前能力、故障拒绝或独立 HIL	de1b052b590c679bb9a6ce85486abfce23110079bcd9993c4987dd14c3f76bbd
tests/backup.rs	tests	保留	已接入 Cargo 测试或示例入口及 path 模块图；覆盖当前能力、故障拒绝或独立 HIL	172dff8beb861cbffdd548ac56aa9f8a6404495227525377ec228db5af589e78
tests/backup_catalog.rs	tests	保留	已接入 Cargo 测试或示例入口及 path 模块图；覆盖当前能力、故障拒绝或独立 HIL	b86ac067de935438f36394fbe632c35df4b1271324f56c0cbac76c2f09cc9e63
tests/backup_metadata.rs	tests	保留	已接入 Cargo 测试或示例入口及 path 模块图；覆盖当前能力、故障拒绝或独立 HIL	358af8d59caca0be7f1bebdd27b8879de4ba38b8d62ffea19b539cba530b1f37
tests/backup_suite.rs	tests	保留	已接入 Cargo 测试或示例入口及 path 模块图；覆盖当前能力、故障拒绝或独立 HIL	c7cf7e1bff2d9726ca8e2337b64d89057fbe9618addc5448e4becfce413eebae
tests/canonical_disk_layout.rs	tests	保留	已接入 Cargo 测试或示例入口及 path 模块图；覆盖当前能力、故障拒绝或独立 HIL	0b6f5623c452434dea8c90dc0016929ede9df2e97dc04ffae3d4d4c6b5d7492f
tests/cli_suite.rs	tests	保留	已接入 Cargo 测试或示例入口及 path 模块图；覆盖当前能力、故障拒绝或独立 HIL	2fc6da4ee3c010e442f84a04ebe04ee88b7c1cbbf0df780cd7fc4f9f283136c7
tests/cli_ux.rs	tests	保留	已接入 Cargo 测试或示例入口及 path 模块图；覆盖当前能力、故障拒绝或独立 HIL	92f023a2cf40ebc127465d23c15302178d3c7d67e38ca1d988c9fe16dad696a2
tests/cli_v2_parser.rs	tests	更新	补充默认 LBA 扫描、混合列表去重与缺失起点/零计数当前 CLI 回归	c0cc81c709cff36c462951f907d9c5f94288a4555970acc735b53b37e77ce453
tests/cli_v2_surface_guard.rs	tests	保留	已接入 Cargo 测试或示例入口及 path 模块图；覆盖当前能力、故障拒绝或独立 HIL	e5092887e5ae315f0d23942b2a4bf5e6fac227208a4517c0b6f59c4cfcfe7054
tests/cli_write_safety.rs	tests	保留	已接入 Cargo 测试或示例入口及 path 模块图；覆盖当前能力、故障拒绝或独立 HIL	34b19ebe33cd12717e23d931ecb756d5b35bffcc583a22485595bd6784071638
tests/command_spec.rs	tests	保留	已接入 Cargo 测试或示例入口及 path 模块图；覆盖当前能力、故障拒绝或独立 HIL	140379b83323b16dda2afc114b7919dd097ccaab457e726348d2b20b2593549d
tests/common/mod.rs	tests	更新	生成/校验共用现行官方计划；历史读取夹具仅在测试模块合成，三型号 SHA-256 与旧入口输出完全一致	6ea5835eb462f7af9950853f784d68849845425e8c8131ac1a7ea54788d3a942
tests/crypto_prims.rs	tests	保留	已接入 Cargo 测试或示例入口及 path 模块图；覆盖当前能力、故障拒绝或独立 HIL	c71e342cc8cacb3331f106fe70a0e9ce2644dfe5cca5fd91ba6428a0276d367c
tests/dead_code_guard.rs	tests	保留	已接入 Cargo 测试或示例入口及 path 模块图；覆盖当前能力、故障拒绝或独立 HIL	d5e4c25d7f42791fac9f9b082a99120c9310b30cb9e03ae74f0405de0faf45d6
tests/dev_format_hook.rs	tests	保留	已接入 Cargo 测试或示例入口及 path 模块图；覆盖当前能力、故障拒绝或独立 HIL	43e4417bfbd25a8819cc85b31e748f93027b06c89bdba11a7231901fb55819e2
tests/documentation_layout.rs	tests	保留	已接入 Cargo 测试或示例入口及 path 模块图；覆盖当前能力、故障拒绝或独立 HIL	39caff0dd90c9207b84cbfa18e4f62fd9b71f8bc0be05c519a2f6912ac819bed
tests/edpb.rs	tests	保留	已接入 Cargo 测试或示例入口及 path 模块图；覆盖当前能力、故障拒绝或独立 HIL	2029581d381e96384640988e1d04da346fcaf3e33d340d6e369b4d485c06c786
tests/filesystem_contract.rs	tests	保留	已接入 Cargo 测试或示例入口及 path 模块图；覆盖当前能力、故障拒绝或独立 HIL	a97a66be893a3b409644654a5f2b6ac44b518aa48bfd511308da44891ea61818
tests/filesystem_domain.rs	tests	保留	已接入 Cargo 测试或示例入口及 path 模块图；覆盖当前能力、故障拒绝或独立 HIL	66067d01f6c0a9248dce38999eb92a395cf0c2168a7a8325c622f8f564e58ae4
tests/fixtures/protocol/disk4_121110528_vid0951_pid1666_disk&ven_kingston&prod_datatraveler_3.0_onlyid2135149925_20260903_121319.bin	tests	保留	当前注册测试所需夹具、来源说明或证据清单	04874b9c0e7a4e4c982fcf8a77f9d686cbd24578f17c85058432da314dfa585a
tests/fixtures/protocol/disk4_121110528_vid0951_pid1666_disk&ven_kingston&prod_datatraveler_3.0_onlyid2135149925_20260903_121319.bin.sha256	tests	保留	当前注册测试所需夹具、来源说明或证据清单	bb0a0d1f1f8548105a90822d880e0237a6efc731d37374dc9b3838f9a7399cba
tests/fixtures/protocol/disk4_1953525168_vid174c_pid55aa_disk&ven_aigo&prod_hd806_onlyid-1833210541_20260903_121552.bin	tests	保留	当前注册测试所需夹具、来源说明或证据清单	e7e5abc23b81978f8a7f4cb46ea3a43f731af3e0ae99e9cd2deb3c681772d639
tests/fixtures/protocol/disk4_1953525168_vid174c_pid55aa_disk&ven_aigo&prod_hd806_onlyid-1833210541_20260903_121552.bin.sha256	tests	保留	当前注册测试所需夹具、来源说明或证据清单	167fe2edf3bc422c0ac637cea2d2784ea2b9930032ecd61614b9067843352ec8
tests/fixtures/protocol/disk4_243625984_vid21c4_pid0cd1_disk&ven_lexar&prod_usb_flash_drive_onlyid3164177653_20260827_221910.bin	tests	保留	当前注册测试所需夹具、来源说明或证据清单	a1faab7535e06bcd54ab08b3b1afeedb14507a20cd81574c34bbca947c40ee5f
tests/fixtures/protocol/disk4_243625984_vid21c4_pid0cd1_disk&ven_lexar&prod_usb_flash_drive_onlyid3164177653_20260827_221910.bin.sha256	tests	保留	当前注册测试所需夹具、来源说明或证据清单	4c4dce1eacc6bd83edc8a4a8372e1c083742e18a9a85b3c99df887688cac8ba8
tests/fixtures/protocol/disk4_245760000_vid3535_pid6300_disk&ven_aigo&prod_u335&rev_pmap_onlyid1987718388_20260827_191701.bin	tests	保留	当前注册测试所需夹具、来源说明或证据清单	150d705efb303a247e61f50df564fde321d37f988fff3e2fd9e82be7134a4dbc
tests/fixtures/protocol/disk4_245760000_vid3535_pid6300_disk&ven_aigo&prod_u335&rev_pmap_onlyid1987718388_20260827_191701.bin.sha256	tests	保留	当前注册测试所需夹具、来源说明或证据清单	d43e6ee8452ceea4a224eb11ece99d4b101ddaa233ab82e714c6dc2ad1b89881
tests/fixtures/protocol/disk6_122880000_vid0dd8_pid2005_disk&ven_netac&prod_onlydisk_onlyid1402259934_20260910_172300.bin	tests	保留	当前注册测试所需夹具、来源说明或证据清单	f622356f4b540f98a9113cb0560d5823a532890e097a3c7b69b1d59dbcde8825
tests/fixtures/protocol/disk6_122880000_vid0dd8_pid2005_disk&ven_netac&prod_onlydisk_onlyid1402259934_20260910_172300.bin.sha256	tests	保留	当前注册测试所需夹具、来源说明或证据清单	af0dc62eee03f99520e8bbe6ae1b27379b2a38cdba572b78536a0cc6b808a7cd
tests/fixtures/protocol/disk6_122880000_vid0dd8_pid2005_disk&ven_netac&prod_onlydisk_onlyid3069787975_20260910_172525.bin	tests	保留	当前注册测试所需夹具、来源说明或证据清单	53b9e56a859e90cf6e6b2a3d6218fd92b2016de461f7b4d35c98783259951ade
tests/fixtures/protocol/disk6_122880000_vid0dd8_pid2005_disk&ven_netac&prod_onlydisk_onlyid3069787975_20260910_172525.bin.sha256	tests	保留	当前注册测试所需夹具、来源说明或证据清单	e312939ef2d08009d94390f0e7faeaec9ef3b78a9b897f8385957f1a2c9dbf4e
tests/fixtures/protocol/disk6_122880000_vid0dd8_pid2005_disk&ven_netac&prod_onlydisk_onlyid3274129259_20260910_172709.bin	tests	保留	当前注册测试所需夹具、来源说明或证据清单	f9a66d9265374bdfacd1d6992e81c1ab92641cb5d2d684c67b26cc4c5609e90d
tests/fixtures/protocol/disk6_122880000_vid0dd8_pid2005_disk&ven_netac&prod_onlydisk_onlyid3274129259_20260910_172709.bin.sha256	tests	保留	当前注册测试所需夹具、来源说明或证据清单	63ad0565da3b6d2c82803436db47743dc75324a40bd9eb16a84a143f901b2bbc
tests/fixtures/protocol/mode1/aigo_u335_20260828_lba0_12.bin	tests	保留	当前注册测试所需夹具、来源说明或证据清单	c41bd78c92b4a84e45428bc330a2c016aa8ab8376bd683c780c0ac432def7699
tests/fixtures/protocol/mode1/aigo_u335_20260828_lba0_12.bin.sha256	tests	保留	当前注册测试所需夹具、来源说明或证据清单	70f2f0f68afe7b23b54ef9f8e1ab101d77d4e217bb5539d37d937e094cf32262
tests/fixtures/protocol/mode1/aigo_u335_20260828_lba0_12.meta.json	tests	保留	当前注册测试所需夹具、来源说明或证据清单	335e65d92acb9011479af18d276d3d87954f4aca59fcf7b69db165b40a123941
tests/fixtures/protocol/mode1/aigo_u335_20260916_lba0_12.bin	tests	保留	当前注册测试所需夹具、来源说明或证据清单	c57a07c4e17737aeda24d3a5b750284bdbe43b40d7a152d68f66e194e089d3fa
tests/fixtures/protocol/mode1/aigo_u335_20260916_lba0_12.bin.sha256	tests	保留	当前注册测试所需夹具、来源说明或证据清单	bfa19aa2173f576b616f3ea9d3741ad9ecfa19de89e9bf3d50badd494393e87d
tests/fixtures/protocol_evidence/aigo_l8302_netac_lba0_prefix.hex	tests	保留	当前注册测试所需夹具、来源说明或证据清单	a39fa5bf0f62dd1e8b50b290a8849bcd96cefd88cdd51383940da991c1a9bd39
tests/fixtures/protocol_evidence/aigo_u335_rev_pmap_exact_size_lba11.hex	tests	保留	当前注册测试所需夹具、来源说明或证据清单	dbc490752f14cf62342a04aba2573149c5fdc9fea03ac27e0d020e01f6251e3b
tests/fixtures/protocol_evidence/kingston_20260803_mp_profile_lba3.hex	tests	保留	当前注册测试所需夹具、来源说明或证据清单	522b3a474fd513030941cf2134a2fa104cc9f42cd9f715049bfffa223cf199ba
tests/fixtures/protocol_evidence/kingston_20260827_current_identity_raw_zero_lba4.bin	tests	保留	当前注册测试所需夹具、来源说明或证据清单	85141be31933e89976970ac18f44e1da8b77d3f57fdae1d857f8ea9d19a007ec
tests/fixtures/protocol_evidence/lexar_join59_lba6.hex	tests	保留	当前注册测试所需夹具、来源说明或证据清单	6e7a776a7b028aea5d9c28bad892dd924fbe1460852b424442dade4198d49c25
tests/fixtures/protocol_evidence/lexar_join59_lba9.hex	tests	保留	当前注册测试所需夹具、来源说明或证据清单	b6a4071dc06dbda53e9b6d1d3b802a9580d3284ea0fa39f1230bb9b35fa915a1
tests/fixtures/protocol_evidence/netac_onlydisk_20260804_lba10_head.hex	tests	保留	当前注册测试所需夹具、来源说明或证据清单	b58299d2702f44bda7acbbff68067fa532ed5b546c04e27e46c5e5912e0c821b
tests/fixtures/protocol_evidence/official_netac_mbr_lba0_prefix.hex	tests	保留	当前注册测试所需夹具、来源说明或证据清单	868dacf50c3fe42f0ae168eac1c8601fb779d4f8a4e7aaff6cccd417afd5aac9
tests/fixtures/protocol_evidence/official_usb_main_bsec_lba0_prefix.hex	tests	保留	当前注册测试所需夹具、来源说明或证据清单	f92094b7719f9baa7aecd228b081ba7322e6bbf67bb4079a9e8ce3a0c112b721
tests/fixtures/protocol_evidence/official_virtual_gpt_lba1.hex	tests	保留	当前注册测试所需夹具、来源说明或证据清单	21ec50beb88fa2ffb28f4b8b15e685e4d05f319445eb099cfe96d93cb46dedf7
tests/fixtures/protocol_evidence/official_virtual_gpt_lba2.hex	tests	保留	当前注册测试所需夹具、来源说明或证据清单	8f52069afdadd93885f8e918e871ee77191aaf85533764fad6c0d0af22ec0bac
tests/fixtures/protocol_evidence/official_virtual_lba4_full_nonzero_backing.hex	tests	保留	当前注册测试所需夹具、来源说明或证据清单	03eeb8f33f8871754963763f082138252d68427124f8c665b5720ff0951035f0
tests/fixtures/protocol_evidence/official_virtual_lba4_null_nonzero_backing.hex	tests	保留	当前注册测试所需夹具、来源说明或证据清单	ff56b0cb3cc311d9c041869fa67a89b5f0031dec9e2e548eee7cc10b99d3c245
tests/fixtures/protocol_evidence/official_virtual_long_user_lba6.hex	tests	保留	当前注册测试所需夹具、来源说明或证据清单	4281d5025b557d04e07703535e6bf73ab6361da86ab58183476e514c1222aabf
tests/fixtures/protocol_evidence/official_virtual_long_user_lba9.hex	tests	保留	当前注册测试所需夹具、来源说明或证据清单	0409ec04241d8bba3227edb6ca111f6f63a154cf4fcd621d4c603801d8c618e6
tests/fixtures/protocol_evidence/official_virtual_slot_backing_lba6.hex	tests	保留	当前注册测试所需夹具、来源说明或证据清单	a852caef2ce96fd970be75940288292bbff004c3f1888c0cf4b6f562eb5ff303
tests/fixtures/protocol_evidence/official_virtual_writer_mode1_lba12.hex	tests	保留	当前注册测试所需夹具、来源说明或证据清单	cdca29c90a6a330ab2517f187654bea9f292edb9b0e210bea9adf2f07aee6cf0
tests/fixtures/protocol_evidence/official_virtual_writer_mode2_lba12.hex	tests	保留	当前注册测试所需夹具、来源说明或证据清单	90d387725179bd48a5f880e8d2febbae3a5e3b6b98c84d07bf6f032845e22dc3
tests/fixtures/protocol_evidence/official_virtual_writer_mode3_lba12.hex	tests	保留	当前注册测试所需夹具、来源说明或证据清单	0fab34e97223532dbe1d1d454ffd0500b7555d165d85d047d577690eb6b6ebe3
tests/fixtures/protocol_evidence/sandisk_ultra_authentic_mode1_lba7.hex	tests	保留	当前注册测试所需夹具、来源说明或证据清单	4b1508abbdd2f032165a53c9479669c1922e634d3f3ae4fa7b15773be270c61f
tests/fixtures/protocol_evidence/sandisk_ultra_usb_3_0_lba10.bin	tests	保留	当前注册测试所需夹具、来源说明或证据清单	240d04e7c97d300c5081f793d72850d49acbf5408bc0d8cf32de8eef7a5e8f02
tests/fixtures/protocol_evidence/sandisk_ultra_usb_3_0_lba10.bin.sha256	tests	保留	当前注册测试所需夹具、来源说明或证据清单	3f0369796c6db8aa7de05f7f21819db99d752fda71bcd4c42122aff14509e8b3
tests/fixtures/protocol_evidence/sandisk_ultra_usb_3_0_lba11.hex	tests	保留	当前注册测试所需夹具、来源说明或证据清单	ee3d84a68aa9619f8ebfd76fc887360267c43c19dbbbbaa61544af8bc7b9e9c5
tests/fixtures/protocol_evidence/sandisk_ultra_usb_3_0_lba12.hex	tests	保留	当前注册测试所需夹具、来源说明或证据清单	fd952fde53daae4ba83decba623f4c9642dc403262baef8c6430f69e6eda8e5c
tests/fixtures/protocol_evidence/sandisk_ultra_usb_3_0_lba6.hex	tests	保留	当前注册测试所需夹具、来源说明或证据清单	16dfa23098588b1c2c7d8cb4a7d7539f5f397fbd06df18cfd144defec3b31cf4
tests/identify_list.rs	tests	保留	已接入 Cargo 测试或示例入口及 path 模块图；覆盖当前能力、故障拒绝或独立 HIL	d947725b322fe7676aa28f2e5c0fa6f15d4ea1d03993aac68e719438a701f862
tests/iir.rs	tests	保留	已接入 Cargo 测试或示例入口及 path 模块图；覆盖当前能力、故障拒绝或独立 HIL	d3c39e4e7ddb4ab7bba6e8ae912e9dc4174d3aadf8286a20397538d8cd4a3239
tests/inspect.rs	tests	更新	已接入 Cargo 测试或示例入口及 path 模块图；覆盖当前能力、故障拒绝或独立 HIL	7826379c961f3e9975e33f393ae3177339fd23a90f8b0bcc695e6527b8821330
tests/inspect_backup_workspace.rs	tests	更新	备份稀疏数据与拒绝旧格式回归改用显式协议请求	3bdec07f670bca767f45f19e563fa1cacc7e6c11f49c8c59fa93d4ca51e738c5
tests/inspect_cli.rs	tests	保留	已接入 Cargo 测试或示例入口及 path 模块图；覆盖当前能力、故障拒绝或独立 HIL	ef0d082554bf7495836b4b720cc071e12e360724022c4f2f3a90393baac9eda5
tests/inspect_full_disk_acceptance.rs	tests	保留	已接入 Cargo 测试或示例入口及 path 模块图；覆盖当前能力、故障拒绝或独立 HIL	05da2e235b363518c3b9c68a545970a96599ce2fb54357b48fa3dc85e17573fe
tests/inspect_suite.rs	tests	保留	已接入 Cargo 测试或示例入口及 path 模块图；覆盖当前能力、故障拒绝或独立 HIL	c7bc94201a16577255e2e597b932034d1a923f75ba2ba756bf7e08140264d910
tests/inspect_target.rs	tests	保留	已接入 Cargo 测试或示例入口及 path 模块图；覆盖当前能力、故障拒绝或独立 HIL	011d6fd7ac461c16c5af86d810dac6931a9202631e4eaad37b3a3ec0510689c8
tests/lba7_compat.rs	tests	保留	已接入 Cargo 测试或示例入口及 path 模块图；覆盖当前能力、故障拒绝或独立 HIL	bc9c77e8a2a8615721cb1bbc798b64421793814e7c6777267039308b5a6afc18
tests/lba7_compatibility_ledger.rs	tests	保留	已接入 Cargo 测试或示例入口及 path 模块图；覆盖当前能力、故障拒绝或独立 HIL	bf00d58c3912e874f5e48293e38e79de31583b8179ba6ff702d15290fc0f99df
tests/media_identity.rs	tests	保留	已接入 Cargo 测试或示例入口及 path 模块图；覆盖当前能力、故障拒绝或独立 HIL	657d560adbba09c3f36a240a9f9d298a4cee650db7899ccac41ba2aeec63d6d7
tests/metainfo.rs	tests	保留	已接入 Cargo 测试或示例入口及 path 模块图；覆盖当前能力、故障拒绝或独立 HIL	8d2236f4e626440b481660b586e10932017ea5db2bdc8587f9948a219ca7fe3e
tests/physical_hil_contract.rs	tests	保留	已接入 Cargo 测试或示例入口及 path 模块图；覆盖当前能力、故障拒绝或独立 HIL	36455c2bb49212b3bffd1d3a742d31f9844303f4bdf8c4c8a38118d16eacf3a3
tests/plain_macos_virtual_hil.rs	tests	保留	已接入 Cargo 测试或示例入口及 path 模块图；覆盖当前能力、故障拒绝或独立 HIL	69336ae84296f00e1aee032e570faabe9dc76f8050eed44c4ba42c0ea7dc924d
tests/plain_provision.rs	tests	保留	已接入 Cargo 测试或示例入口及 path 模块图；覆盖当前能力、故障拒绝或独立 HIL	732dbc59e9aec5d929bf07a3a27ab0c4aaeefeef2e341ad593326e09fd6bd9f0
tests/plain_virtual_hil.rs	tests	保留	已接入 Cargo 测试或示例入口及 path 模块图；覆盖当前能力、故障拒绝或独立 HIL	0aeb26f64f9a67d041a1a8dcc9d3e38d820e303ea22ff07077882ac6a9917fc2
tests/platform_boundary.rs	tests	更新	已接入 Cargo 测试或示例入口及 path 模块图；覆盖当前能力、故障拒绝或独立 HIL	0e625359210d49c116bb45a6ca58e7b7dec69388e9fde4c8238da3d45f12e5c0
tests/platform_cli_matrix.rs	tests	保留	已接入 Cargo 测试或示例入口及 path 模块图；覆盖当前能力、故障拒绝或独立 HIL	577aa0c90a2e52a32382fa51f65d2547f03d9bcd49208b401be56efd3ca80bf7
tests/platform_suite.rs	tests	保留	已接入 Cargo 测试或示例入口及 path 模块图；覆盖当前能力、故障拒绝或独立 HIL	ef4fa1836efb8fdf2f566d45d2e61c968d168d22dc3d1c451c99c1bb55fbbd32
tests/post_restore_format_operation.rs	tests	保留	已接入 Cargo 测试或示例入口及 path 模块图；覆盖当前能力、故障拒绝或独立 HIL	be102d8faf24a40d60e275b62e5fdaaf52c3624ff2de0253e04a699690d34b41
tests/protocol_behavior/basic.rs	tests	保留	已接入 Cargo 测试或示例入口及 path 模块图；覆盖当前能力、故障拒绝或独立 HIL	97e00639d78f7fe72cd4d85ed589b2e59ce7129e36fe081c9e0d14bc473c4822
tests/protocol_behavior/core.rs	tests	保留	已接入 Cargo 测试或示例入口及 path 模块图；覆盖当前能力、故障拒绝或独立 HIL	df81ef5967c6994400b5ce6f5045b211fb10c036f0f7cf6a2fbe5bbfe27b4e18
tests/protocol_behavior/dept.rs	tests	保留	已接入 Cargo 测试或示例入口及 path 模块图；覆盖当前能力、故障拒绝或独立 HIL	d0e44da9424f67120d4d1666efcc1fdaca3cb5b483ac43d98f609a693c11fa0c
tests/protocol_behavior/edpf.rs	tests	保留	已接入 Cargo 测试或示例入口及 path 模块图；覆盖当前能力、故障拒绝或独立 HIL	f9ec8600677621d358471e7447d653f23eb1a6a8966e0ced4a0d633464c6199e
tests/protocol_behavior/gpt.rs	tests	保留	已接入 Cargo 测试或示例入口及 path 模块图；覆盖当前能力、故障拒绝或独立 HIL	aafb83d153d7ec4d899ec3c704adfb778524ac324d65922247784483ac6a2bc6
tests/protocol_behavior/lba10.rs	tests	保留	已接入 Cargo 测试或示例入口及 path 模块图；覆盖当前能力、故障拒绝或独立 HIL	3665c4edb73268cf9fcfc58e39f4b6879b132b5fe2c412ee2dfb345f9d0584bb
tests/protocol_behavior/lba11.rs	tests	保留	已接入 Cargo 测试或示例入口及 path 模块图；覆盖当前能力、故障拒绝或独立 HIL	fd7e1447d8a675b09b4bb445bfdda50fbe97c3dd3f8dd0539f1a6fc8aa63ad3f
tests/protocol_behavior/lba4.rs	tests	保留	已接入 Cargo 测试或示例入口及 path 模块图；覆盖当前能力、故障拒绝或独立 HIL	db8b6b7d2ec6bf9c75fd0b0765b7145dcdab406aaf4c440baa23842a4a971852
tests/protocol_behavior/lba8.rs	tests	保留	已接入 Cargo 测试或示例入口及 path 模块图；覆盖当前能力、故障拒绝或独立 HIL	f5183f0b29d7b9c5f3db685c78c6651acf21f32d6a0ae86b280d6c067bf90c00
tests/protocol_byte_ledger.rs	tests	保留	已接入 Cargo 测试或示例入口及 path 模块图；覆盖当前能力、故障拒绝或独立 HIL	68cf318dbbf6da67ce9b02244f3dc2aa5e28ca1bffccaacd0874ce5e9c8865d1
tests/protocol_documentation_contract.rs	tests	保留	已接入 Cargo 测试或示例入口及 path 模块图；覆盖当前能力、故障拒绝或独立 HIL	89fa376a044c5efe35936fafbd7d8a54f400e0d8fd1be25ca0918e97ca0640d2
tests/protocol_field_catalog.rs	tests	保留	已接入 Cargo 测试或示例入口及 path 模块图；覆盖当前能力、故障拒绝或独立 HIL	5c24575948884b5211a34f198c581ea92e04ad4b5cc0ed6c41a0e00dd6741d15
tests/protocol_field_guide.rs	tests	保留	已接入 Cargo 测试或示例入口及 path 模块图；覆盖当前能力、故障拒绝或独立 HIL	218da292de0e3b07785641420ece8faff88f1ae5bd1d862fca66ef5726f83906
tests/protocol_gold_crosscheck.rs	tests	保留	已接入 Cargo 测试或示例入口及 path 模块图；覆盖当前能力、故障拒绝或独立 HIL	9707b20f88cd96fa5f39d4adbf67d168b62e9fca9cf2c53b98aca7037c7ae7f6
tests/protocol_image.rs	tests	保留	已接入 Cargo 测试或示例入口及 path 模块图；覆盖当前能力、故障拒绝或独立 HIL	dbefa12bf628ada0a80bb21c6b8498189e8489c2ee3dc12b7cbb54dce3d78a42
tests/protocol_runtime_dependency_gate.rs	tests	保留	已接入 Cargo 测试或示例入口及 path 模块图；覆盖当前能力、故障拒绝或独立 HIL	07d7588554444a8de58644bd1c5dfd6a0fb3ec1f642c9324aceaecb3d8cb2526
tests/protocol_suite.rs	tests	保留	已接入 Cargo 测试或示例入口及 path 模块图；覆盖当前能力、故障拒绝或独立 HIL	f05d616217689c265e867b52c25862b22bbd8b909b714c4d51e2b19029d7da21
tests/provision_capability_parity.rs	tests	保留	已接入 Cargo 测试或示例入口及 path 模块图；覆盖当前能力、故障拒绝或独立 HIL	700f800e2cc34dd67165d77aaa8f5ca5e34a5116e01d7e9b095705adb50c94af
tests/provision_contract.rs	tests	保留	已接入 Cargo 测试或示例入口及 path 模块图；覆盖当前能力、故障拒绝或独立 HIL	d1d682de53cb00ff253faea81055ea9487cf657a7624a1fd49205323ecd31d79
tests/provision_fat16.rs	tests	保留	已接入 Cargo 测试或示例入口及 path 模块图；覆盖当前能力、故障拒绝或独立 HIL	3cc539734f83f0b2b773165d5d187b843ad3e7e3577787eb104ee5a3f5328378
tests/provision_filesystem.rs	tests	保留	已接入 Cargo 测试或示例入口及 path 模块图；覆盖当前能力、故障拒绝或独立 HIL	18ff83e9f333dbb57e255b8c71fc1c261f00d27ef275aac449e8ba12a02b8535
tests/provision_generate.rs	tests	更新	全部生成回归切换现行官方四模式入口，保留协议字段/密码策略/长字段覆盖	9a9eb18e236354eb237207001660eab4ec5b591d7f55539b358ba0f3c5a3afa0
tests/provision_key_domain_plan.rs	tests	保留	已接入 Cargo 测试或示例入口及 path 模块图；覆盖当前能力、故障拒绝或独立 HIL	b8e1f5ee005a4618729542103774c68abcca01fc56b9ab2e24bc753271500824
tests/provision_key_material.rs	tests	保留	已接入 Cargo 测试或示例入口及 path 模块图；覆盖当前能力、故障拒绝或独立 HIL	7987dd53a2fdbd19680540395f0787615376e024189def85a20d241a1a6bbd30
tests/provision_layout.rs	tests	保留	已接入 Cargo 测试或示例入口及 path 模块图；覆盖当前能力、故障拒绝或独立 HIL	c58ce51e8f3ab2d69e8db1072ca6b3e7c4ab5afee1a94612108221d85445b964
tests/provision_lce.rs	tests	保留	已接入 Cargo 测试或示例入口及 path 模块图；覆盖当前能力、故障拒绝或独立 HIL	b576ffd160b3f2f386c9ce47108bbe004a83ea2a572e9e26cc8054652fbd3b6d
tests/provision_protocol_audit.rs	tests	更新	已接入 Cargo 测试或示例入口及 path 模块图；覆盖当前能力、故障拒绝或独立 HIL	a612a071663fe521826790671f333e3260aa745005e1f9b9568b6fbc6235ec81
tests/provision_region_mapping.rs	tests	保留	已接入 Cargo 测试或示例入口及 path 模块图；覆盖当前能力、故障拒绝或独立 HIL	81dc7725dce7e80aa123632cc21590d1e592ff0e1857d73ffeebbd285bb1ac6c
tests/provision_reprovision.rs	tests	更新	几何保留测试改为现行 SourceRegion/TargetRegion 兼容性；真实计划矩阵保持验证	0e0fdc4c006a5ea8c7b6b17f183bfe7cca7f6c6e455ca192aa29e14481ee7f00
tests/provision_suite.rs	tests	保留	已接入 Cargo 测试或示例入口及 path 模块图；覆盖当前能力、故障拒绝或独立 HIL	bd7e9ee6b1cd5be0720d50915d79223e750c33256227081ad542cffcb17ed5f2
tests/provision_transaction_write.rs	tests	保留	已接入 Cargo 测试或示例入口及 path 模块图；覆盖当前能力、故障拒绝或独立 HIL	576a62504374ee84d519fa3f00ad552501b0aecfa36594dcf7a3c9b5874bb3dd
tests/provision_validate.rs	tests	更新	全部校验回归切换现行官方入口；错误长度由固定大小镜像构造器拒绝	2262493a29b0d4abd19d67fad4960d5c1d6e2640a82581432fab60f898180b43
tests/provision_write_plan.rs	tests	更新	测试直接使用现行协议写计划，删除无效卷标/序列号输入	fd9263598b78a23dc993a0481efbc8fca6ae315eccbaee132716d353076582c9
tests/repository_suite.rs	tests	保留	已接入 Cargo 测试或示例入口及 path 模块图；覆盖当前能力、故障拒绝或独立 HIL	1aba6d621c1cb45cd2cd16616443e0da4783b594ffffd1209e545a01d770ace2
tests/sectors_readonly.rs	tests	保留	已接入 Cargo 测试或示例入口及 path 模块图；覆盖当前能力、故障拒绝或独立 HIL	c0e100932d8e5fd995233d48c370beacb0558d67f13ebe45898c6ac5241614d7
tests/selectors.rs	tests	保留	已接入 Cargo 测试或示例入口及 path 模块图；覆盖当前能力、故障拒绝或独立 HIL	936fd0b7bffef78360ab60da6a0657c7ca3a1ccab2f19ea7b7503f3ec95f6321
tests/support/edpb_manifest.rs	tests	保留	已接入 Cargo 测试或示例入口及 path 模块图；覆盖当前能力、故障拒绝或独立 HIL	517c5620bcc3058fdde37cba7e708aa45a7820dfe498078c85fa9c17a378340f
tests/support/gold_name.rs	tests	保留	已接入 Cargo 测试或示例入口及 path 模块图；覆盖当前能力、故障拒绝或独立 HIL	ef0790f6d2a85eeca03ce6e2d1bd7892870f76edf6707955cb14c0a1dce68936
tests/test_infrastructure.rs	tests	保留	已接入 Cargo 测试或示例入口及 path 模块图；覆盖当前能力、故障拒绝或独立 HIL	2530b3e9a5bb46fcce9e4d655671a28e1cde58a4a4cacc7148277e852a50ab50
tests/tui_animation.rs	tests	保留	已接入 Cargo 测试或示例入口及 path 模块图；覆盖当前能力、故障拒绝或独立 HIL	946d3517ababc0568d5a804003029a9b6782495acf24c334796f63b253868a8b
tests/tui_backup_coverage.rs	tests	保留	已接入 Cargo 测试或示例入口及 path 模块图；覆盖当前能力、故障拒绝或独立 HIL	c0d480d28f40666fe99909ffc5a12da743c061ca67ae1ba212a911aa059d2e57
tests/tui_backup_create.rs	tests	保留	已接入 Cargo 测试或示例入口及 path 模块图；覆盖当前能力、故障拒绝或独立 HIL	635902cc7aa2286d6ad5bb3e55cdd4c9b81e8ca2e3668e23910fbea79813515d
tests/tui_backup_delete_safety.rs	tests	保留	已接入 Cargo 测试或示例入口及 path 模块图；覆盖当前能力、故障拒绝或独立 HIL	c01967fbf5dd7315765be9fb2c8baaf4d642b1e8a37ca86eaac277de45c19fd0
tests/tui_backup_management.rs	tests	保留	已接入 Cargo 测试或示例入口及 path 模块图；覆盖当前能力、故障拒绝或独立 HIL	2aa2dda957bc44f5c5548d55d8e350340b0f47dfee54d711f6c38a533b98ba88
tests/tui_backup_workspace.rs	tests	保留	已接入 Cargo 测试或示例入口及 path 模块图；覆盖当前能力、故障拒绝或独立 HIL	3c3e41df0fccf84b6d9a79b4a155c4035879caea9a59f9a408408aaa411fcffb
tests/tui_ch16_contract.rs	tests	更新	已接入 Cargo 测试或示例入口及 path 模块图；覆盖当前能力、故障拒绝或独立 HIL	6811ffbac0004c3cfa6053be89c9d6fa5e821fc6bb7acb1e213cc32555d4f674
tests/tui_contract.rs	tests	保留	已接入 Cargo 测试或示例入口及 path 模块图；覆盖当前能力、故障拒绝或独立 HIL	ae75b8f16004d7531a927bec3011e41a8c5e634fe37d012b77db7cd1aaf2fd6b
tests/tui_demo.rs	tests	保留	已接入 Cargo 测试或示例入口及 path 模块图；覆盖当前能力、故障拒绝或独立 HIL	08f2ec8fc22d856373001d08292ebb7e471397985a1bb6708cc845baedb3f4e3
tests/tui_desktop.rs	tests	保留	已接入 Cargo 测试或示例入口及 path 模块图；覆盖当前能力、故障拒绝或独立 HIL	55fff823be7348e78ce73a7788926724682f06c9b223f31c68f02770e2eb1630
tests/tui_device_detail.rs	tests	保留	已接入 Cargo 测试或示例入口及 path 模块图；覆盖当前能力、故障拒绝或独立 HIL	f46911503f0d5aaa9a3ed1d6dfa673d24beb8d0e08c1eb572326c5c9cc44bdfc
tests/tui_elevation_resume.rs	tests	保留	已接入 Cargo 测试或示例入口及 path 模块图；覆盖当前能力、故障拒绝或独立 HIL	df0e5837ecfc3bfd3c385121fe5b03701e72c1286fb24e07ed758cffe2286cc7
tests/tui_keymap_contract.rs	tests	保留	已接入 Cargo 测试或示例入口及 path 模块图；覆盖当前能力、故障拒绝或独立 HIL	64d2186c888df0c15664a7a1bbf8c67470641caaf6c623e73556eb77dbf68f9c
tests/tui_lifecycle.rs	tests	更新	已接入 Cargo 测试或示例入口及 path 模块图；覆盖当前能力、故障拒绝或独立 HIL	b92ac05755c1dc52e33a92ef46cfaf3e784a3395b45f159cb2ad4a3c227000fe
tests/tui_nonblocking.rs	tests	保留	已接入 Cargo 测试或示例入口及 path 模块图；覆盖当前能力、故障拒绝或独立 HIL	ec10325c2c04ec97f2db3a0e048d38319bd383c5160a7e8d1a0b515f5091405a
tests/tui_operation_progress.rs	tests	保留	已接入 Cargo 测试或示例入口及 path 模块图；覆盖当前能力、故障拒绝或独立 HIL	96e2bca52feec50af9de2aac123386ee4b4a0e63e63ed6313e15ae9aac8364de
tests/tui_operation_result.rs	tests	保留	已接入 Cargo 测试或示例入口及 path 模块图；覆盖当前能力、故障拒绝或独立 HIL	7fe1a4a39a4f5defaa9e91cd3c8ab6f3917215849d62f3535079c0fb14f672a8
tests/tui_pane_contract.rs	tests	更新	固定盘尾几何与选中区域回归迁到实际布局详情输出	38f7f8e21c0048035f54d75a31dfa03841f239b55916c1e29d607620b1366bbb
tests/tui_search_command.rs	tests	保留	已接入 Cargo 测试或示例入口及 path 模块图；覆盖当前能力、故障拒绝或独立 HIL	5d9a4e90fe6e66d6e6060416ea88ac9934b815a6995e971c7ef079e1f01ee993
tests/tui_sector_inspector.rs	tests	更新	已接入 Cargo 测试或示例入口及 path 模块图；覆盖当前能力、故障拒绝或独立 HIL	035a8252021a35d255acc9f38a44ce02d31ad129532c60a27a020767f80d2f6c
tests/tui_singleflight.rs	tests	保留	已接入 Cargo 测试或示例入口及 path 模块图；覆盖当前能力、故障拒绝或独立 HIL	6ef4e1a7c12284ef7675db559a62ba14f786ef3fb5f16f88d88b29e779f1fd92
tests/tui_state.rs	tests	更新	已接入 Cargo 测试或示例入口及 path 模块图；覆盖当前能力、故障拒绝或独立 HIL	a05e4209684e26ce89196f2f386fcc93c9461803084e6afbcb798beeb4ba5480
tests/tui_suite.rs	tests	保留	已接入 Cargo 测试或示例入口及 path 模块图；覆盖当前能力、故障拒绝或独立 HIL	4f1cc5404b0eec60b13ce5d3527e1b832951cf820d37afc316c9023500220f8d
tests/tui_table_layout.rs	tests	更新	已接入 Cargo 测试或示例入口及 path 模块图；覆盖当前能力、故障拒绝或独立 HIL	ff653ab1621d39619973234cd55af1b756a12465a3f4fbc26a6e36ed7312ed97
tests/tui_terminal_safety.rs	tests	保留	已接入 Cargo 测试或示例入口及 path 模块图；覆盖当前能力、故障拒绝或独立 HIL	e6a43de2125577826248cfb316aceaf8a54494e8c59bf58b1f0a5ac96b8202cc
tests/tui_theme_contract.rs	tests	保留	已接入 Cargo 测试或示例入口及 path 模块图；覆盖当前能力、故障拒绝或独立 HIL	36a0a57abcae77999ba3189cdc3c68bb79e8dd76c54fc0543e1a69baa22d2d8a
tests/tui_write_safety.rs	tests	保留	已接入 Cargo 测试或示例入口及 path 模块图；覆盖当前能力、故障拒绝或独立 HIL	704944e070ff692984afbe99843a18c1c213984acbba9021af1f67e214f53eb4
tests/tui_write_target.rs	tests	更新	已接入 Cargo 测试或示例入口及 path 模块图；覆盖当前能力、故障拒绝或独立 HIL	44793c656800371b36a4070ace97174f63800747d3e81987374dd004c0d537e5
tests/tui_write_wizard.rs	tests	保留	已接入 Cargo 测试或示例入口及 path 模块图；覆盖当前能力、故障拒绝或独立 HIL	327897893856f6bf3792babae4d1c2167a0457324f6dffb0bc1b98cc8fc79625
tests/virtual_disk_hil.rs	tests	保留	已接入 Cargo 测试或示例入口及 path 模块图；覆盖当前能力、故障拒绝或独立 HIL	dbad38e0ab96433d65f4b7aa9dfd7ca31b8399909d9753b08aaad2a2932b5bb7
tests/write_progress_events.rs	tests	保留	已接入 Cargo 测试或示例入口及 path 模块图；覆盖当前能力、故障拒绝或独立 HIL	79b43e2ed0d61cd5f342f3b0271db9a2b0ed8b09542b02ffae3575a405343782
